question_id,comando_depende_do_texto,alternativas_dependem_do_texto,gabarito_depende_do_texto,texto_base_necessario,justificativa,gabarito_dependem_do_texto
1,True,True,True,True,"O texto-base apresenta três abordagens distintas para analisar a relação entre Escritura e filosofia cristã, e o comando pede especificamente a avaliação da postura do 'terceiro grupo', cuja descrição só existe no texto-base. As alternativas ecoam as posturas descritas, sendo necessário o texto para identificar qual delas corresponde ao método histórico-crítico do terceiro grupo (alternativa A).",
2,True,True,True,True,"O texto-base estabelece o contexto essencial sobre as singularidades dos estudantes da EJA, e tanto o comando quanto as alternativas (especialmente a correta) fazem referência direta a essas características para distinguir a resposta adequada.",
3,True,True,True,True,"O texto-base contextualiza a atividade investigativa, os grupos animais estudados e o objetivo pedagógico de relacionar diversidade biológica ao equilíbrio do ecossistema, sendo essencial para compreender o comando e avaliar a pertinência das alternativas, especialmente a correta (A), que se baseia na discussão sobre hábitos alimentares e circulação de matéria e energia.",
5,True,False,True,True,"O comando faz referência implícita às duas hastes descritas no texto-base, e a identificação correta (retas reversas) depende das informações de que não têm ponto comum e pertencem a planos diferentes. As alternativas, porém, são termos gerais de geometria que não dependem do texto para fazer sentido isoladamente.",
8,True,True,True,True,"O texto-base fornece as condições essenciais (retas que não se interceptam e não pertencem ao mesmo plano) que definem o conceito de retas reversas, sendo indispensável para compreender o enunciado e distinguir a alternativa correta das demais.",
11,True,True,True,True,"O texto-base descreve o problema específico (falta de variação linguística no material didático e dificuldade dos alunos com falas reais), que fundamenta tanto o comando quanto as alternativas. As opções só fazem sentido em contraste com esse cenário, e o gabarito (B) é a única que responde diretamente à necessidade de contemplar a variação linguística descrita.",
13,True,True,True,True,"O texto-base descreve o contexto específico da turma de EJA, as dificuldades relatadas e as intenções pedagógicas da professora, elementos essenciais para avaliar a coerência das alternativas com a abordagem freireana e para identificar a decisão didática adequada.",
18,True,True,True,True,"O texto-base fornece a expressão de F(s) no domínio de Laplace, que é essencial para realizar a decomposição em frações parciais e obter a transformada inversa que será comparada com as alternativas.",
22,True,True,True,True,"O texto-base apresenta o contexto conflituoso e os diferentes interesses em jogo (volume de atendimentos, transparência sobre qualidade, redução de gastos), que são essenciais para que o candidato compreenda o problema e avalie qual alternativa melhor concilia esses aspectos. Sem o texto, não há referência para distinguir a alternativa correta (A) das demais, que representam justamente as abordagens parciais dos grupos de pressão descritos.",
26,False,False,False,False,"O enunciado e as alternativas tratam de conceitos gerais sobre o objeto de estudo da Geografia econômica, que podem ser respondidos com conhecimento prévio do tema, sem necessidade das informações do texto-base.",
29,True,True,False,True,"O comando e as alternativas fazem referência explícita aos elementos P, O e ao plano α, cujas definições e relações (como a projeção ortogonal e a distância de 6 m) são estabelecidas no texto-base. Embora a alternativa correta (A) expresse um fato geométrico geral, ela só pode ser identificada como resposta à questão no contexto da situação descrita no texto-base.",
32,True,False,False,False,"O comando faz referência direta ao contexto descrito no texto-base ('esse contexto'), mas as alternativas descrevem características gerais de movimentos artísticos que podem ser distinguidas entre si sem o texto. A alternativa correta (C) corresponde à definição canônica da Pop Art, tornando o texto-base dispensável para identificá-la.",
36,True,True,True,True,"O texto-base fornece o contexto essencial sobre a natureza da pesquisa do artista (ênfase na ideia, instruções, ações urbanas e caráter documental dos registros), sem o qual não seria possível compreender o impasse nem avaliar a coerência das alternativas com a proposta conceitual descrita.",
37,True,True,True,True,"O comando exige análise da situação clínica descrita no texto-base, e as alternativas só podem ser distinguidas com base nas informações específicas do caso (idade, fototipo, distribuição das lesões, fatores hormonais, sol, histórico familiar).",
39,True,True,True,True,"O texto-base fornece os valores essenciais de vértices (V=8) e arestas (A=12) necessários para calcular o número de faces pela relação de Euler, e as alternativas fazem referência explícita a esses valores e à relação mencionada no texto.",
43,True,True,True,True,"O texto-base descreve a trajetória da artista, sua intenção de focar em marcas e intervenções na própria pele, e o dilema entre procedimentos permanentes versus efeitos cenográficos, elementos essenciais para avaliar qual alternativa melhor se articula com a body art conforme o contexto apresentado.",
54,True,True,True,True,"O texto-base estabelece o contexto pedagógico (BNCC, língua franca, desigualdade tecnológica, repertórios híbridos) que fundamenta a avaliação das propostas nas afirmativas; sem ele, não há critérios claros para distinguir quais práticas são adequadas.",
56,True,True,True,True,"O texto-base fornece a identidade do alceno específico (2-buteno), as duas condições experimentais (com e sem peróxido) e os mecanismos envolvidos (eletrofílico vs radicalar), informações essenciais para interpretar o comando e distinguir corretamente entre as alternativas.",
62,True,True,True,True,"O texto-base fornece os conjuntos A, B e C, que são essenciais para interpretar o comando e calcular os resultados apresentados nas alternativas. Sem esses dados, a questão não pode ser respondida.",
63,True,True,True,True,"O texto-base fornece o contexto clínico essencial (queimadura térmica, queixas funcionais e psicossociais, lacunas no prontuário, tempo restrito) que fundamenta a escolha da conduta avaliativa mais adequada; sem ele, o enunciado e as alternativas perdem referência e não podem ser adequadamente distinguidas.",
66,True,True,True,True,"O texto-base fornece o contexto histórico (proposta de Kekulé, regras de valência do século XIX e fórmula C_6H_6) que é essencial tanto para o enunciado quanto para distinguir a alternativa correta das demais, pois sem esse contexto não seria possível avaliar a coerência estrutural e histórica exigida.",
69,True,False,False,False,"O comando referencia o contexto clínico do paciente queimado descrito no texto-base, mas as alternativas apresentam abordagens genéricas de avaliação fisioterapêutica que podem ser julgadas independentemente. O gabarito (A) reflete um princípio técnico universal de avaliação, não dependendo de informações específicas do texto-base.",
73,True,False,True,True,"O comando faz referência direta às ideias de Agostinho sobre verdades imutáveis e iluminação divina, que são explicitadas no texto-base. Embora as alternativas sejam estruturas lógicas genéricas, a identificação da resposta correta (C) exige o conhecimento do conteúdo do texto-base para avaliar a veracidade das asserções I e II.",
74,True,False,True,True,"O comando e a identificação do gabarito dependem do contexto fornecido pelo texto-base (o significado pretendido para cada expressão e o cenário descrito), enquanto as alternativas em si são autocontidas e podem ser analisadas isoladamente quanto à gramática e vocabulário.",
78,True,True,True,True,"O enunciado faz referência explícita à 'situação descrita' no texto-base, e todas as alternativas apresentam afirmações sobre elementos específicos do caso (instruções, processo, participação do público, documentação), que só podem ser avaliadas com base nas informações fornecidas no texto-base.",
85,True,True,True,True,"O texto-base descreve os objetivos específicos da professora (compreensão oral, autonomia, produção de áudio, aprendizagem ativa em curso híbrido), que são essenciais para avaliar a coerência de cada alternativa e justificar o gabarito A.",
86,True,True,True,True,"O texto-base contextualiza a situação específica da EJA, mencionando a articulação entre Base Nacional Comum e Parte Diversificada e as características do grupo, elementos essenciais para compreender o comando e avaliar as alternativas.",
88,False,False,False,False,"As asserções do enunciado descrevem práticas gerais de avaliação fisioterapêutica em queimaduras que não dependem de detalhes específicos do caso apresentado no texto-base; as alternativas e o gabarito avaliam apenas a veracidade e relação lógica entre as proposições, sem necessidade de informações do texto.",
90,False,False,False,False,"O enunciado fornece todos os dados necessários (a equação implícita da superfície e o ponto), e a resolução depende apenas do cálculo do gradiente, conceito matemático padrão que não precisa ser relembrado pelo texto-base. As alternativas são equações que podem ser verificadas independentemente.",
93,False,True,True,True,"O enunciado é genérico e pode ser compreendido sem o texto-base, mas as alternativas descrevem especificamente os três documentos apresentados no texto-base, e a identificação da alternativa correta (B) depende diretamente da correspondência entre os documentos e as etapas do capitalismo descritas.",
98,True,False,False,True,"O comando faz referência explícita à 'situação descrita' no texto-base, que contextualiza a piora clínica, a carga emocional e a importância da linguagem corporal. As alternativas descrevem condutas genéricas de comunicação que poderiam ser avaliadas isoladamente, mas o enunciado exige a vinculação ao cenário específico apresentado.",
106,True,False,False,False,"O comando faz referência direta ao conceito de 'lexicogrammar' introduzido no texto-base, mas as alternativas apresentam pares conceituais autossuficientes e a resposta correta (léxico e gramática) pode ser identificada por conhecimento prévio, tornando o texto-base dispensável para a resolução.",
109,True,True,True,True,"O texto-base contextualiza o problema físico (distribuição de temperatura em uma placa) e introduz conceitos essenciais como derivada direcional e vetor gradiente, que são fundamentais para compreender o comando e avaliar as alternativas. Sem ele, faltariam referências para entender a situação e justificar por que a alternativa A é a correta.",
110,True,True,True,True,"O texto-base apresenta o contexto específico (aluno com deficiência visual, aluna com dificuldades de leitura, necessidade de acessibilidade sem redução da complexidade conceitual) que fundamenta as afirmações do enunciado e permite distinguir quais práticas são adequadas, sendo essencial para compreender e responder à questão.",
117,False,False,False,False,"O enunciado e as alternativas tratam de princípios gerais de encaminhamento pedagógico para a EJA, que podem ser avaliados com base no conhecimento prévio do candidato sobre a modalidade, sem necessidade das informações específicas do texto-base.",
118,False,False,False,False,"O texto-base apenas contextualiza genericamente a organização de frases em inglês, mas todas as informações necessárias para responder à questão — sobre a posição de adverbs of manner e adverbs of time — estão contidas no próprio enunciado e nas alternativas.",
121,True,True,True,True,"O texto-base apresenta o conceito de lexicogrammar e sua relação com a BNCC, fornecendo o contexto teórico indispensável para compreender o comando e distinguir a alternativa correta das demais, que contrapõem o conceito apresentado.",
122,True,False,False,True,"O comando faz referência ao 'cenário descrito' no texto-base, que contextualiza a situação do estudante e o tipo de alceno analisado, sendo necessário para entender a que se refere a questão. As alternativas, porém, tratam de definições gerais das regras E/Z e poderiam ser avaliadas independentemente do texto-base.",
123,True,True,True,True,"O texto-base contextualiza a tensão entre a expectativa objetual do conselho e a natureza conceitual das obras, e o comando pede uma solução específica a essa situação. As alternativas e o gabarito só fazem sentido dentro desse contexto, pois contrapõem abordagens curatorialmente coerentes ou incoerentes com a centralidade do conceito descrita no texto.",
127,True,True,True,True,"O texto-base descreve a mudança estratégica da empresa de práticas filantrópicas para uma abordagem integrada de responsabilidade social, sendo essencial para avaliar quais afirmações (I-IV) estão alinhadas com essa nova diretriz. Sem ele, não seria possível distinguir quais opções são coerentes com o contexto proposto.",
131,False,False,False,False,"O enunciado e as alternativas tratam de conceitos gerais sobre a relação entre resposta imune, febre e manejo clínico, que podem ser respondidos com conhecimento teórico sem necessidade de dados específicos do caso clínico descrito no texto-base.",
132,False,False,False,False,"O enunciado e as alternativas tratam de definições gerais sobre o objeto de estudo da Geografia Econômica, que podem ser respondidas com conhecimento prévio do tema, sem necessidade das informações específicas do texto-base.",
138,True,True,True,True,"O texto-base define o contexto específico da EJA (trajetórias de trabalho, responsabilidades familiares, interrupções escolares) que fundamenta o que seria uma 'proposta didática coerente', sendo essencial tanto para compreender o comando quanto para distinguir a alternativa correta das demais.",
139,True,True,True,True,"O texto-base descreve o contexto específico da EJA, o perfil dos estudantes e a orientação da coordenação, elementos essenciais para que o enunciado e as alternativas façam sentido e possam ser avaliadas adequadamente. Sem ele, não seria possível identificar a ação mais adequada ao cenário descrito.",
140,True,False,True,True,"O comando apresenta duas asserções que retomam diretamente o conteúdo do texto-base (prática da artista, ready-mades, deslocamento conceitual), sendo necessário para verificar sua veracidade e relação de justificativa. As alternativas, porém, são estruturas lógicas genéricas que não dependem do texto. O gabarito depende do texto porque a correta identificação da relação de justificativa exige confrontar as asserções com as informações fornecidas no texto-base.",
141,False,False,False,False,"A questão avalia conhecimento teórico sobre postulados da Geometria Espacial (quantos pontos determinam um plano), que é independente do contexto específico da maquete. As alternativas e o gabarito se baseiam apenas nesse conhecimento conceitual.",
145,True,True,True,True,"O texto-base fornece o quadro clínico essencial (diferenciação entre cicatriz hipertrófica e queloide, limitações articulares e alterações posturais) que fundamenta tanto o enunciado quanto a distinção entre as alternativas, sendo indispensável para identificar a resposta correta.",
149,True,True,True,True,"O texto-base introduz o conceito-chave de 'encargo econômico' associado ao uso de lucros retidos, que é o objeto central do comando e das alternativas. Sem o texto, o candidato não teria referência sobre o que se trata esse encargo nem contexto para distinguir a alternativa correta das demais.",
151,False,False,False,False,"O enunciado e as alternativas tratam exclusivamente da fórmula do plano tangente, que é um conteúdo matemático padrão; o texto-base apenas contextualiza o tema sem fornecer informações essenciais para a resolução.",
160,False,False,False,False,"O enunciado e as alternativas tratam de forma genérica sobre polissemia e organização de verbetes, sem depender de informações específicas do texto-base; a questão poderia ser respondida apenas com base nos conceitos apresentados no próprio comando.",
165,False,False,False,False,"O enunciado e as alternativas tratam de decisões curatoriais em relação à Pop Art e sua crítica à cultura de massa, conceitos que podem ser compreendidos sem o texto-base. O texto serve apenas como contextualização narrativa, não fornecendo informações essenciais para distinguir ou avaliar as opções.",
167,True,True,True,True,"O texto-base descreve as células citotóxicas granulares (NK cells) e o contexto temporal da resposta imune, informações essenciais para compreender o comando e distinguir a alternativa correta (A) das demais, que descrevem funções de outras células do sistema imune.",
171,False,True,True,True,"O comando é genérico e não exige informações específicas do texto-base, mas as alternativas (incluindo o gabarito A) reproduzem e dependem diretamente das distinções conceituais e exemplos apresentados no texto-base sobre níveis, etapas e modalidades da educação.",
176,True,True,,True,"O texto-base apresenta o contexto problemático (ênfase em gramática descontextualizada vs. orientações da BNCC) e os interesses dos alunos, que são essenciais para avaliar criticamente quais propostas das afirmativas I-IV estão alinhadas às orientações atuais e ao cenário descrito.",True
184,True,True,True,True,"O comando pede o fator multiplicativo da mudança de variáveis, e as alternativas referem-se ao jacobiano da transformação específica dada no texto-base, que é essencial para calcular o determinante e identificar a resposta correta.",
186,True,True,True,True,"O texto-base fornece as três equações diferenciais cujas ordens, linearidades e tipos (EDO/EDP) são necessários para responder ao comando e distinguir entre as alternativas.",
188,True,True,True,True,"O texto-base fornece o contexto essencial sobre a proposta curatorial, o conceito de Arte Povera e os impasses da montagem, sem os quais não seria possível avaliar quais decisões expositivas são coerentes com a intenção de tensionar arte e vida cotidiana.",
192,True,True,True,True,"O texto-base fornece o quadro clínico detalhado (queimaduras profundas, reepitelização completa, cicatrizes rígidas, limitações funcionais) que é essencial para avaliar a adequação de cada conduta descrita nas afirmações I-IV. Sem essas informações, não seria possível determinar quais intervenções são apropriadas para a fase e condições da paciente.",
193,True,True,True,True,"O enunciado e as alternativas fazem referência direta à situação concreta descrita no texto-base (a prática da professora de EJA), sendo impossível avaliar qual alternativa é correta sem conhecer as ações e intenções pedagógicas narradas.",
198,True,True,True,True,"O enunciado e as afirmativas referem-se diretamente às práticas pedagógicas descritas no texto-base (disputas simuladas, leituras guiadas, trabalho comparativo), sendo impossível avaliá-las sem o contexto fornecido.",
203,True,True,True,True,"O texto-base fornece os achados clínicos e laboratoriais essenciais (deficiência de linfócitos B e imunoglobulinas, infecções por microrganismos encapsulados) que permitem identificar a imunodeficiência humoral e distinguir a alternativa correta das demais.",
212,True,True,True,True,"O comando exige a análise de fatores específicos do caso clínico descrito no texto-base, e as alternativas constroem hipóteses diretamente sobre esses fatores (antibioticoterapia, cateter, sonda, diabetes, idade), tornando o texto-base indispensável para responder à questão.",
224,True,False,False,True,"O comando exige avaliação da organização de um verbete específico, cuja descrição está no texto-base; porém, as alternativas tratam de princípios gerais de lexicografia, podendo ser analisadas independentemente do conteúdo do verbete. Ainda assim, o texto-base é necessário para contextualizar o objeto de avaliação.",
227,True,False,False,False,"O comando faz referência à 'perspectiva' do texto-base ao mencionar a EJA e seus princípios, mas as alternativas descrevem abordagens pedagógicas gerais que podem ser avaliadas independentemente do texto. Assim, o texto-base é útil para contextualização, porém dispensável para identificar a resposta correta.",
228,True,False,False,False,"O comando faz referência explícita ao 'contexto apresentado' no texto-base, mas as alternativas e o gabarito são autoexplicativos e podem ser avaliados com conhecimento prévio, sem depender do texto. Assim, o texto-base é dispensável para identificar a resposta correta.",
229,False,False,False,False,"O enunciado e as alternativas tratam de uma fórmula matemática padrão (momento de inércia em relação ao eixo z), que pode ser respondida com conhecimento teórico sem necessidade do texto-base, que apenas contextualiza o tema de forma genérica.",
230,True,True,True,True,"O texto-base apresenta o conflito central entre preservação das intenções artísticas e adaptação para públicos menos familiarizados, que é referenciado diretamente nas afirmações do enunciado; sem ele, não há contexto para avaliar quais estratégias são adequadas, nem para distinguir as alternativas.",
231,True,False,False,True,"O comando faz referência explícita à 'primeira sala descrita', cujas características (redução, serialização, materiais industriais) só estão definidas no texto-base. Contudo, as alternativas são autoexplicativas e a correta (A) pode ser identificada por corresponder aos conceitos mencionados no próprio enunciado, sem necessidade de reler o texto-base.",
238,False,False,False,False,"O enunciado e as alternativas tratam de definições gramaticais básicas sobre o uso do Simple Present com adverbs of frequency, que são conhecimentos autossuficientes e não dependem das informações genéricas do texto-base.",
241,True,True,True,True,"O texto-base apresenta as tensões específicas entre autoria individual e anonimato coletivo, bem como os atores envolvidos, que são essenciais para compreender o comando e avaliar a adequação de cada alternativa. Sem ele, não seria possível distinguir qual conduta responde adequadamente ao contexto descrito.",
246,False,False,False,False,"O enunciado pede diretamente a fórmula de Euler para poliedros convexos, e as alternativas usam notação matemática padrão (V, F, E), sem depender de informações específicas do texto-base.",
251,False,False,False,False,"A questão avalia conhecimento de tempos verbais em inglês por meio de uma frase contextualizada, sendo possível respondê-la com base nas regras gramaticais e nos próprios contextos fornecidos na frase do enunciado, sem necessidade do texto-base.",
252,False,False,False,False,"O enunciado e as alternativas tratam de conhecimento geométrico básico sobre retas paralelas e determinação de plano, que é autossuficiente e não depende das informações genéricas do texto-base.",
258,True,False,False,False,"O comando faz referência a 'essas discussões' presentes no texto-base, mas as alternativas tratam de definições gerais de referenciação que podem ser avaliadas independentemente. O gabarito (A) corresponde à definição consensual em linguística textual/discursiva, dispensando o texto-base para ser identificado.",
260,True,True,True,True,"O texto-base fornece as equações diferenciais específicas de cada modelo, sem as quais não é possível classificar sua natureza (linear, separável, etc.) nem avaliar a estratégia de resolução adequada, que são o cerne da questão e das alternativas.",
263,True,True,True,True,"O texto-base fornece informações essenciais sobre a fase cicatricial (proliferativa), características das cicatrizes e sintomas do paciente, que são indispensáveis para interpretar o comando e distinguir entre as alternativas de manejo compressivo apresentadas.",
267,True,True,True,True,"O texto-base fornece os conceitos essenciais (polarizabilidade vs. eletronegatividade, grupo de saída, controle experimental) que fundamentam tanto o enunciado quanto a distinção entre as alternativas, sendo indispensável para identificar a estratégia correta (A).",
275,True,True,True,True,"O texto-base contextualiza a turma de EJA, o perfil dos estudantes e a abordagem pedagógica esperada, elementos essenciais para compreender o comando e distinguir a alternativa correta (A) das demais, que se contrapõem à perspectiva ali defendida.",
276,True,True,True,True,"O texto-base contextualiza o ambiente específico (estiagem moderada, oscilações de temperatura, comunidade local) e as adaptações relevantes, sendo essencial para que o comando e as alternativas façam sentido e possam ser corretamente avaliadas.",
279,False,False,False,False,"A questão avalia conhecimento conceitual sobre Pop Art, e tanto o enunciado quanto as alternativas descrevem características gerais do movimento, dispensando informações específicas do texto-base.",
281,True,True,True,True,"O enunciado exige explicitamente que a resposta seja 'com base no texto', e as alternativas contrapõem interpretações que só podem ser avaliadas a partir dos elementos históricos e conceituais apresentados no texto-base (acumulação de capitais, reorganização do trabalho, dinamismo comercial e integração internacional).",
288,False,False,False,False,"O enunciado e as alternativas tratam de propriedades gerais de integrais triplas e troca de ordem de integração, que são conceitos matemáticos autossuficientes; o texto-base apenas contextualiza genericamente o tema sem fornecer informação essencial para a resolução.",
289,False,False,,False,O enunciado (com as duas asserções) e as alternativas contêm todas as informações necessárias para responder à questão; o texto-base apenas contextualiza o tema sem fornecer dados indispensáveis.,False
290,True,True,True,True,"O comando e as alternativas fazem referência direta às orientações e conceitos apresentados no texto-base (como superfície pictórica, cor como elemento central, ausência de figuras reconhecíveis), sendo indispensáveis para compreender o contexto e distinguir a alternativa correta das demais.",
293,True,True,True,True,"O texto-base descreve as características essenciais da obra (pintura abstrata, grande formato, ênfase na cor e experiência imersiva), que são fundamentais para avaliar a coerência das decisões de montagem apresentadas nas alternativas e no comando.",
295,True,True,True,True,"O comando faz referência direta ao quadro clínico descrito no texto-base, e as alternativas apresentam condutas avaliativas que só podem ser distinguidas com base nos sinais, sintomas e histórico detalhados no texto-base.",
300,True,True,True,True,"O texto-base fornece o contexto essencial sobre qual informação é conhecida e qual é nova, o que é indispensável para aplicar corretamente as regras de articles (definido vs. indefinido) e justificar o gabarito.",
301,True,True,True,True,"O texto-base fornece o contexto específico (problemas de afastamentos, diversidade e relação com a comunidade) que fundamenta a avaliação das afirmações no enunciado; sem ele, não seria possível julgar quais propostas são adequadas ao cenário apresentado.",
311,True,True,True,True,"O texto-base apresenta o contexto (formação continuada, lexicogrammar, BNCC, morfossintaxe) e a crítica ao ensino descontextualizado, que fundamentam tanto o comando quanto a distinção entre as alternativas. Sem ele, não ficaria claro o referencial teórico-metodológico exigido para escolher a proposta adequada.",
312,True,True,True,True,"O texto-base introduz a perspectiva teórica (semântica enunciativa) e os elementos em relação (signos, significados, intenção do falante), que fundamentam tanto o enunciado quanto a distinção entre as alternativas, especialmente a correta (A).",
321,True,True,True,True,"O enunciado e as afirmações fazem referência direta às ações e decisões da curadora descritas no texto-base (recusas, escolhas estéticas, abordagem conceitual), sendo impossível avaliar a correção das afirmações sem o contexto fornecido.",
322,False,False,False,False,"A questão trata de conhecimento conceitual sobre a distinção entre metas e estratégias em planejamento educacional, podendo ser respondida sem as informações específicas do texto-base. As alternativas apresentam definições genéricas que não dependem do contexto municipal descrito.",
327,True,True,True,True,"O texto-base define o conceito de lexicogrammar e sua relação com a BNCC, fornecendo o referencial teórico necessário para compreender o comando e distinguir a alternativa correta (A) das demais, que contrapõem esse entendimento.",
330,True,True,True,True,"O texto-base define as três famílias de funções e o critério de grupo abeliano para deslocamentos na reta, sendo essencial para compreender o enunciado e distinguir entre as alternativas, que fazem referência explícita às famílias e propriedades ali descritas.",
331,True,True,True,True,"O texto-base contextualiza a reação (substituição nucleofílica com NaOH em meio polar), o substrato inicial (1-bromopropano) e os parâmetros a serem comparados (polarização C–X e estabilidade do grupo de saída), que são essenciais para interpretar o comando e avaliar as alternativas.",
334,True,True,True,True,"O texto-base fornece informações clínicas essenciais (hipertrofia cicatricial, risco de contratura, estágio de remodelação) que fundamentam a escolha da técnica compressiva adequada; sem esses dados, não seria possível avaliar corretamente o enunciado nem distinguir as alternativas.",
343,True,True,True,True,"O comando remete explicitamente à 'evolução histórica das ideias econômicas apresentada no texto-base', e as alternativas apresentam afirmações sobre concepções específicas que só podem ser avaliadas com base nas informações fornecidas no texto-base.",
353,False,False,False,False,"O enunciado apresenta duas proposições autossuficientes sobre conceitos geométricos (volume e área de esferas), e as alternativas avaliam apenas a veracidade lógica dessas proposições, sem necessidade de dados numéricos ou contexto do texto-base.",
356,True,False,False,False,"O comando faz referência explícita ao texto-base para contextualizar a análise da unidade lexical 'rede', mas as alternativas tratam de definições gerais de lexicologia e lexicografia que independem do texto. O gabarito (C) pode ser identificado sem o texto-base, pois apresenta a distinção conceitual correta entre as áreas.",
360,True,True,True,True,"O comando remete explicitamente à 'situação descrita' no texto-base, e todas as alternativas fazem referência a elementos clínicos e contextuais (idade, UTI, cateter venoso central, antibioticoterapia, sinais sistêmicos) que só estão presentes no texto-base, sendo indispensável para distinguir a resposta correta.",
362,False,False,False,False,"O enunciado define completamente o problema matemático (dois planos distintos com interseção vazia no espaço tridimensional), sem necessidade de informações do texto-base. As alternativas e o gabarito dependem apenas de conhecimento geométrico básico sobre posições relativas de planos.",
364,True,False,False,False,"O comando referencia a situação dos três pontos não colineares definida no texto-base, mas as alternativas tratam de afirmações gerais sobre pontos, retas e planos que podem ser avaliadas independentemente do texto. Assim, o texto-base é dispensável para responder à questão.",
368,True,True,True,True,"O texto-base apresenta os princípios da BNCC para línguas estrangeiras (variedades linguísticas, práticas contextualizadas, reflexão crítica) que fundamentam tanto o enunciado quanto a distinção entre as alternativas, sendo essencial para identificar a opção correta (A).",
369,False,False,False,False,"O enunciado e as alternativas descrevem de forma autossuficiente as características de cada fase do capitalismo, permitindo identificar a resposta correta (capitalismo comercial) sem necessidade do texto-base.",
372,True,False,False,False,"O comando faz referência direta a 'essa perspectiva', remetendo ao texto-base, mas as alternativas são definições autônomas e a alternativa correta (A) poderia ser identificada mesmo sem o texto-base, pois apresenta a definição canônica de semântica.",
374,True,False,False,False,"O comando retoma e parafraseia conceitos do texto-base (organização espacial da produção, circulação e consumo), mas as alternativas e o gabarito podem ser respondidos com conhecimento geral sobre autores clássicos da Geografia econômica, sem necessidade de consultar o texto.",
387,True,True,True,True,"O texto-base introduz o contexto das práticas efêmeras (videoarte, performance, etc.) e a relação entre ação e registro, que são essenciais para compreender o enunciado e avaliar corretamente as alternativas, especialmente a justificativa do gabarito A.",
392,True,False,False,False,"O comando faz referência à 'perspectiva' apresentada no texto-base ('Nessa perspectiva...'), mas as alternativas apresentam definições autossuficientes que podem ser avaliadas independentemente do texto. A alternativa correta (A) corresponde à definição padrão de Geografia Econômica, dispensando o texto-base para a resolução.",
398,True,True,True,True,"O texto-base descreve detalhadamente as opções e dilemas do coletivo artístico, fornecendo os elementos concretos (recombinação, repetição, ironia, ambiguidade) que permitem identificar a alternativa alinhada à Pop Art. Sem ele, o enunciado seria genérico e as alternativas perderiam contexto para distinção.",
400,True,True,True,True,"O texto-base estabelece o contexto físico (cilindro de revolução, restrição de volume, relação entre custo e área lateral, e entre ocupação e área da base), que é essencial para interpretar e avaliar a veracidade de cada afirmação no enunciado e distinguir as alternativas.",
404,True,True,True,True,"O texto-base define os critérios curatoriais específicos (fotorrealismo, superfície contínua, exclusão de colagem/instalação, contraste com gestualidade abstrata) que são essenciais tanto para compreender o comando quanto para distinguir a alternativa correta das demais.",
405,True,True,True,True,"O texto-base estabelece a situação geométrica específica (reta r e ponto P externo) que fundamenta tanto o comando quanto as alternativas, sendo indispensável para contextualizar a relação entre os elementos e avaliar a validade das afirmações.",
406,True,True,True,True,"O texto-base fornece o contexto clínico essencial (queimadura, características da cicatriz, limitações funcionais) que permite ao candidato compreender a situação e avaliar qual abordagem de avaliação é prioritária. Sem ele, o comando ficaria genérico e as alternativas não poderiam ser adequadamente contrastadas.",
407,False,False,False,False,"A questão avalia conhecimento sobre as características gerais da Pop Art e da obra de Richard Hamilton, sendo possível respondê-la com base em conhecimento prévio, sem necessidade do texto-base.",
408,True,True,True,True,"O texto-base apresenta o problema concreto da turma de EJA (diversidade de necessidades versus currículo homogêneo), que fundamenta tanto o enunciado quanto a distinção entre as alternativas, especialmente a correta (C), que responde diretamente à situação descrita.",
410,True,True,True,True,"O comando faz referência explícita ao 'projeto descrito' no texto-base, e as alternativas apresentam propostas metodológicas que só podem ser avaliadas no contexto desse projeto. Sem o texto-base, não há referência ao que se pretende integrar (ciência e sustentabilidade) nem aos registros e objetivos mencionados nas alternativas.",
411,False,False,False,False,"As asserções I e II são afirmações gerais sobre fases lunares, eclipses e métodos de ensino que podem ser avaliadas com conhecimento científico e pedagógico, sem necessidade de informações específicas do texto-base. O gabarito (C) decorre da falsidade da asserção II, que é um fato astronômico independente do contexto descrito.",
412,True,False,False,False,"O comando faz referência ao 'contexto apresentado' no texto-base, mas as alternativas são definições autossuficientes de áreas da linguística, permitindo que a questão seja respondida sem o texto-base.",
414,True,True,False,True,"O texto-base é necessário para contextualizar a função r(t) como taxa de variação do combustível e definir o intervalo de interesse (t = 20 a 140 min), sendo essencial tanto para o enunciado quanto para a interpretação física correta das alternativas. Contudo, a alternativa correta (A) expressa um conceito matemático geral que poderia ser identificado independentemente do contexto específico.",
418,True,True,True,True,"O texto-base apresenta a afirmação da estudante que serve de objeto de avaliação para o comando e para as alternativas. Sem ele, não há referência ao conteúdo que precisa ser analisado semanticamente, tornando o enunciado e as opções sem contexto e incompreensíveis.",
420,True,False,False,False,"O comando (asserções I e II) reproduz e condensa as ideias centrais do texto-base, tornando-o dispensável para a resolução. As alternativas são genéricas (avaliação lógica de proposições) e o gabarito decorre da análise interna das asserções, sem necessidade de consulta ao texto-base.",
427,True,True,True,True,"O texto-base descreve as características específicas da turma de EJA (trabalhadores, migrantes, timidez, gírias locais, etc.), que são essenciais para que o candidato avalie qual alternativa de planejamento se relaciona adequadamente a esses elementos. Sem o contexto fornecido, não seria possível distinguir a pertinência das alternativas nem justificar o gabarito.",
429,True,True,True,True,"O texto-base estabelece o contexto da EJA, a variedade de materiais disponíveis e o princípio pedagógico de contextualização, que são essenciais para avaliar e distinguir as alternativas e justificar a escolha da melhor decisão pedagógica.",
432,False,False,False,False,"A questão trata de conhecimento clássico de química orgânica sobre o efeito indutivo de halogênios na acidez de ácidos carboxílicos, que pode ser respondido com base em conhecimento prévio, sem necessidade do texto-base.",
438,False,False,False,False,O enunciado e as alternativas tratam de condutas genéricas da Geografia Econômica que não exigem informações específicas do texto-base; a alternativa correta (A) reflete princípios gerais da disciplina que podem ser identificados sem o contexto narrativo.,
439,True,True,True,True,"O enunciado e as alternativas fazem referência direta ao contexto, desafios e opções estratégicas descritos no texto-base, sendo impossível avaliar a pertinência das afirmações sem as informações ali contidas.",
440,True,True,True,True,"O comando e as alternativas fazem referência direta ao contexto do anúncio e à expressão 'sabor de casa', cujas nuances semânticas e afetivas só são apresentadas no texto-base. Sem ele, não seria possível distinguir adequadamente as opções ou identificar a resposta correta.",
442,True,True,True,True,"O texto-base contextualiza o público (EJA com trajetórias diversas), os interesses dos estudantes e a intenção da professora de valorizar vivências sem reduzir ao entretenimento, elementos essenciais para justificar a escolha da alternativa A e avaliar a inadequação das demais.",
444,True,True,True,True,"O texto-base fornece o contexto essencial sobre internet art, autoria coletiva/anônima e as tensões institucionais que fundamentam todas as afirmações do enunciado e a distinção entre as alternativas. Sem ele, as assertivas perderiam referência e coerência.",
446,True,True,True,True,"O texto-base fornece o contexto histórico e as restrições estruturais (fórmula C6H6, valência dos átomos, estrutura cíclica com seis carbonos) que fundamentam o enunciado e permitem distinguir a alternativa correta das demais.",
448,True,True,True,True,"O texto-base fornece o contexto experimental (observações sobre base volumosa em baixa temperatura e base forte com aquecimento) que fundamenta a avaliação da estratégia descrita no comando e distingue as alternativas entre si. Sem ele, não há base para justificar por que a alternativa A é a mais adequada.",
454,True,True,True,True,"O texto-base fornece o contexto clínico essencial (sepse, disfunção orgânica, paciente crítico) que fundamenta a avaliação das condutas descritas nas afirmações I-IV; sem ele, não seria possível julgar a adequação das ações nem distinguir corretamente as alternativas.",
457,False,False,False,False,"O enunciado e as alternativas tratam de definições gerais de Semântica e de outros ramos da linguística, podendo ser respondidos com conhecimento prévio, sem necessidade do texto-base.",
463,True,True,True,True,"O texto-base apresenta o contexto pedagógico e as intenções da professora, que são essenciais para avaliar quais afirmações estão alinhadas com a proposta de ensino descrita. Sem ele, não seria possível distinguir quais práticas são coerentes com o objetivo de promover situações reais de uso da linguagem.",
464,True,False,False,False,"O comando retoma e reformula diretamente as ideias do texto-base (distinção entre grupo adjetival posposto e grupo adverbial independente), sendo necessário para compreender o contexto; porém as alternativas e o gabarito são estruturas lógicas genéricas que podem ser avaliadas apenas com base no enunciado reformulado, sem referência ao texto-base.",
467,True,True,False,True,"O texto-base é necessário porque descreve a região D e o contexto de integração dupla, permitindo ao aluno compreender as diferentes formas de parametrizar a região mencionadas no enunciado e nas alternativas. O gabarito, porém, depende apenas da análise lógica das afirmações, não do texto em si.",
470,False,False,False,False,"O enunciado e as alternativas tratam de conhecimento gramatical básico sobre tempos verbais em inglês, que pode ser respondido sem referência ao texto-base, que apenas exemplifica usos.",
478,False,False,False,False,"As asserções I e II são autocontidas e formuladas em termos gerais sobre arte conceitual/readymade, podendo ser avaliadas sem o texto-base; as alternativas são estruturais (relação lógica entre proposições) e o gabarito decorre da análise interna das asserções.",
483,True,False,False,False,"O comando utiliza diretamente a informação da altura (12 cm) que também está no texto-base, mas a questão poderia ser respondida sem o texto-base se o enunciado incluísse todas as informações necessárias (o que praticamente já faz). As alternativas e o gabarito dependem apenas da aplicação da fórmula do volume, que usa os dados fornecidos no próprio comando.",
485,False,False,False,False,"A questão avalia conhecimento gramatical básico sobre a função de sintagmas preposicionais em inglês, que pode ser respondida com base em conhecimento linguístico geral, sem necessidade das informações do texto-base.",
489,False,False,False,False,"O enunciado e as alternativas tratam de princípios gerais amplamente conhecidos sobre a EJA, que podem ser respondidos com conhecimento prévio do tema, sem necessidade de informações específicas do texto-base.",
493,True,True,True,True,"O texto-base fornece o contexto essencial sobre o grau de certeza relativo a cada voluntário, que é necessário para selecionar os modal verbs apropriados nas alternativas. Sem esse contexto, não seria possível distinguir qual opção reflete corretamente as diferentes probabilidades descritas.",
500,True,True,True,True,"O texto-base descreve o problema específico da empresa (concentração bancária, juros pós-fixados, necessidade de flexibilidade), que fundamenta tanto o comando quanto a distinção entre as alternativas, sendo essencial para identificar a opção B como a mais adequada.",
503,True,False,False,False,"O comando faz referência à situação descrita no texto-base ('essa situação'), mas as alternativas e o gabarito tratam de definições gerais de Semântica que independem do texto. Assim, a questão poderia ser respondida sem o texto-base, pois as opções permitem identificar a resposta correta por conhecimento conceitual.",
505,False,False,False,False,"O enunciado e as alternativas tratam de conhecimento matemático padrão sobre mudança de variáveis em integrais triplas, sendo independentes do texto-base, que apenas contextualiza genericamente o tema.",
507,True,True,True,True,"O texto-base descreve a composição heterogênea da turma, os saberes prévios e as desigualdades identificadas, elementos essenciais para que o enunciado e as alternativas façam sentido e possam ser avaliadas adequadamente. Sem ele, não seria possível identificar a alternativa coerente com o contexto da EJA.",
508,True,False,False,False,"O comando referencia diretamente a situação da turma descrita no texto-base, mas as alternativas apresentam práticas pedagógicas genéricas que podem ser avaliadas independentemente. O gabarito (A) é a resposta pedagogicamente adequada mesmo sem o texto-base.",
510,True,False,False,False,"O comando faz referência ao contexto descrito no texto-base (decisão sobre custo de capital e estrutura de capital), mas as afirmativas são autocontidas e tratam de conceitos financeiros que podem ser avaliados independentemente do texto. O gabarito e as alternativas também não dependem de informações específicas do texto-base.",
512,True,False,False,False,"O comando faz referência ao 'contexto' do texto-base para situar a pintura Color Field, mas as alternativas são suficientemente distintas entre si e a correta (A) pode ser identificada com conhecimento prévio, sem depender do texto. Assim, o texto-base é dispensável para responder à questão.",
516,True,True,True,True,"O texto-base fornece os limites do sólido (cilindro de raio 2, z de 0 a 3) e a função densidade (x²+y²), que em coordenadas cilíndricas se torna r² — informações essenciais para montar a integral correta e distinguir entre as alternativas.",
519,False,False,False,False,"O enunciado e as alternativas tratam de definições gerais sobre o objeto da Geografia Econômica, que podem ser respondidas com conhecimento prévio do tema, sem necessidade de informações específicas do texto-base.",
522,True,True,True,True,"O enunciado e as alternativas fazem referência direta às características do espaço e à abordagem curatorial descritas no texto-base, sendo impossível distinguir a alternativa correta sem as informações ali contidas.",
523,True,True,True,True,O texto-base fornece as condições geométricas essenciais (retas que não se interceptam e não pertencem ao mesmo plano) que definem a posição relativa entre elas e permitem distinguir a alternativa correta das demais.,
526,False,False,False,False,"O comando e as alternativas tratam de propriedades gramaticais gerais dos modais em inglês (can e must), que são conhecimento linguístico autônomo e não dependem das informações genéricas fornecidas no texto-base.",
528,True,False,False,False,"O comando faz referência ao contexto da Geografia Econômica apresentado no texto-base, mas as alternativas são suficientemente distintas entre si, e a alternativa correta (A) é uma definição autoevidente do campo, dispensando o texto-base para a resolução.",
529,True,False,False,True,"O comando faz referência direta à situação descrita no texto-base ('Essa organização...'), exigindo que o candidato identifique a prática pedagógica ali descrita. As alternativas, porém, são genéricas e podem ser avaliadas isoladamente; a correta (C) corresponde a um princípio conhecido da EJA independentemente do texto.",
532,True,True,True,True,"O texto-base contextualiza o cenário (investimento, custo de capital de 14%, fluxos de caixa) e descreve os três métodos em discussão, sendo essencial para que o comando e as alternativas façam sentido e possam ser corretamente distinguidas.",
536,True,False,False,False,"O comando faz referência direta ao 'contexto' descrito no texto-base, mas as alternativas apresentam características suficientemente distintas entre si, permitindo identificar a resposta correta (A) com conhecimento prévio sobre Arte Povera, sem necessidade do texto-base.",
537,True,True,True,True,"O texto-base descreve a sequência didática que fundamenta as afirmações do enunciado; sem ele, não seria possível avaliar a coerência das práticas pedagógicas descritas nas assertivas I-IV com a abordagem interacionista proposta.",
540,False,False,False,False,"O enunciado e as alternativas tratam de conhecimentos gerais sobre práticas pedagógicas adequadas à EJA, que podem ser respondidos com base em saberes teóricos sobre a modalidade, sem necessidade de informações específicas do texto-base.",
541,True,True,True,True,"O texto-base estabelece os princípios curatoriais (valorização da experiência sensorial da cor, atenção prolongada e resistência a leituras simplistas) que permitem avaliar quais ações da curadora são coerentes com a proposta, sendo indispensável para julgar as afirmações e distinguir o gabarito.",
543,True,True,True,True,"O texto-base descreve o contexto específico das inconsistências nos dados e a intenção de uso dos relatórios, sendo essencial para compreender o problema e avaliar a adequação de cada alternativa proposta.",
549,True,True,True,True,"O texto-base descreve os critérios conceituais da curadora e detalha cada proposta, informações indispensáveis para avaliar a coerência das alternativas com o propósito da mostra.",
556,True,True,True,True,"O texto-base fornece o contexto específico do acidente ambiental, seus impactos múltiplos e as partes envolvidas, elementos essenciais para que o enunciado e as alternativas façam sentido e possam ser avaliadas quanto à adequação à reparação integral do dano.",
559,False,False,False,False,O enunciado e as alternativas tratam de princípios gerais da EJA que não dependem das informações específicas do texto-base; a questão poderia ser respondida sem ele.,
567,False,False,False,False,"A questão pergunta apenas pelo fator Jacobiano da transformação para coordenadas esféricas, informação que é padrão em cálculo multivariável e não depende do texto-base, que é apenas contextual.",
568,False,False,False,False,"O enunciado e as alternativas tratam de definições gerais sobre o campo da Semântica e a distinção entre significado e sentido, sem exigir referência específica aos exemplos ou informações do texto-base. A questão poderia ser respondida apenas com conhecimento conceitual.",
572,True,True,True,True,"O texto-base descreve o movimento artístico e seus princípios (liberdade, imprevisibilidade, dimensão processual), que são essenciais para compreender o comando e distinguir a alternativa correta das demais, pois as opções contrastam diretamente com esses conceitos apresentados no texto.",
576,False,False,False,False,"As asserções I e II são afirmações matemáticas gerais sobre derivada direcional e gradiente, independentes do contexto específico do texto-base. O comando e as alternativas podem ser avaliados apenas com base no conhecimento teórico apresentado nas próprias proposições.",
582,True,False,False,False,"O comando faz referência explícita ao 'texto-base' e às 'práticas descritas', exigindo a leitura prévia do texto para identificar a que se referem as asserções. Contudo, as alternativas são genéricas (avaliação lógica entre proposições) e o gabarito (A) pode ser inferido apenas pela coerência conceitual entre as duas asserções, sem necessidade de informações adicionais do texto-base.",
585,False,False,False,False,"O enunciado apresenta a frase completa e as funções gramaticais a serem identificadas, e as alternativas listam palavras da própria frase; o texto-base é genérico e dispensável para responder à questão.",
588,False,False,False,False,"O enunciado e as alternativas tratam de conceitos gerais sobre significação verbal que não dependem de informações específicas do texto-base, sendo possível responder com conhecimento prévio sobre semântica.",
589,True,False,False,False,"O comando faz referência à 'situação descrita' no texto-base, mas as alternativas e o gabarito são genéricas e autoexplicativas, podendo ser avaliadas com base apenas no conhecimento sobre EJA, sem necessidade do texto-base.",
591,True,True,False,False,"O comando e as alternativas reproduzem diretamente as ideias do texto-base (heterogeneidade do público EJA e necessidade de ações pedagógicas adequadas), mas o gabarito (alternativa A) pode ser identificado por conhecimento pedagógico geral, sem depender do texto. Assim, o texto-base é dispensável para responder à questão.",
601,False,False,False,False,"O enunciado e as alternativas tratam de conceitos gerais sobre Arte Conceitual que podem ser respondidos com conhecimento prévio, sem necessidade das informações do texto-base.",
602,True,True,True,True,"O texto-base fornece as condições geométricas essenciais (não se interceptam e não são coplanares) que permitem identificar a relação de retas reversas, sendo indispensável tanto para o enunciado quanto para a distinção correta entre as alternativas.",
604,True,True,True,True,"O texto-base fornece a lista de compostos e a identificação dos grupos ligados à carbonila, informações essenciais tanto para compreender o comando quanto para distinguir corretamente entre as alternativas apresentadas.",
615,True,True,True,True,"O comando exige considerar o texto-base para distinguir a relação entre Economia e Geografia Econômica, e a alternativa correta (C) incorpora diretamente autores e conceitos apresentados apenas no texto-base, sendo impossível diferenciá-la das demais sem essas informações.",
620,False,False,False,False,"A questão trata de conhecimento padrão de cálculo vetorial (direção do gradiente e do seu oposto), e tanto o enunciado quanto as alternativas são autocontidos, não exigindo informações específicas do texto-base para serem compreendidos ou respondidos.",
623,False,False,False,False,"O enunciado define claramente o objeto da Geografia Econômica por si só, e as alternativas são suficientemente distintas entre si, não exigindo referência ao texto-base para identificar a resposta correta.",
628,False,False,False,False,"O enunciado e as alternativas apresentam de forma autossuficiente as duas asserções em debate, sem remeter a informações exclusivas do texto-base; a questão pode ser respondida apenas com base no que está explicitamente enunciado.",
643,False,False,False,False,O enunciado (asserções I e II) contém todas as informações técnicas necessárias sobre a transformação para coordenadas cilíndricas e o Jacobiano; o texto-base apenas contextualiza o problema sem fornecer dados essenciais que não estejam no enunciado.,
645,True,False,False,False,"O comando faz referência ao contexto clínico do paciente queimado descrito no texto-base, mas as alternativas apresentam condutas avaliativas genéricas que podem ser julgadas independentemente do caso. O gabarito (A) é a resposta tecnicamente correta em qualquer cenário de avaliação de cicatriz hipertrófica, não dependendo de informações específicas do texto-base.",
649,True,True,True,True,"O texto-base introduz a distinção conceitual entre significação, significado e sentido, que é essencial para contextualizar o comando e justificar a alternativa A como correta, além de permitir descartar as demais opções como simplificações ou distorções desses conceitos.",
650,True,True,True,True,"O enunciado e as alternativas fazem referência direta a conceitos, objetivos e procedimentos descritos no texto-base (como integração entre fotografia e pintura, uso de reflexos/transparências, profundidade de campo e a crítica à mera ampliação mecânica), sendo indispensáveis para compreender o contexto e distinguir a resposta correta.",
651,True,False,False,False,"O comando faz referência explícita à 'situação descrita' no texto-base, mas as alternativas e o gabarito tratam de conceitos gerais sobre práticas artísticas com objetos industrializados que podem ser avaliados independentemente do texto. Assim, o texto-base é dispensável para distinguir a resposta correta.",
653,True,True,True,True,"O texto-base define o sólido S por meio das equações do cilindro, do plano e do paraboloide, que são essenciais para determinar os limites de integração e a expressão correta do volume nas alternativas.",
657,False,False,False,False,"O enunciado e as alternativas contêm todas as informações necessárias para classificar a EDO, incluindo a definição de linearidade implícita nas opções; o texto-base é apenas contextual e dispensável.",
663,True,True,True,True,"O texto-base fornece o contexto essencial sobre as características de cada turma e a orientação da coordenação, que são necessários para avaliar a adequação pedagógica de cada proposta nas alternativas e identificar quais estão alinhadas à abordagem intercultural recomendada.",
666,False,False,False,False,"A questão trata de um conceito geométrico fundamental (distância de ponto a plano), que pode ser respondida apenas com o enunciado e as alternativas, sem necessidade do contexto fornecido pelo texto-base.",
669,True,True,True,True,"O texto-base apresenta as propostas específicas (vídeos em looping, manipulações ao vivo, vídeo narrativo) e o objetivo curatorial, elementos indispensáveis para compreender o comando e avaliar qual decisão de montagem está alinhada à intenção descrita nas alternativas.",
670,False,False,False,False,"O enunciado e as alternativas tratam de estratégias gerais de organização do ensino de Língua Portuguesa, que podem ser avaliadas com base em conhecimentos pedagógicos sobre progressão e continuidade, sem necessidade de informações específicas do texto-base.",
680,True,True,True,True,"O texto-base define o conceito de 'redução dos artifícios' e descreve a proposta pedagógica específica, sendo indispensável para compreender o enunciado e avaliar corretamente as alternativas, que contrastam diretamente com os princípios ali expostos.",
682,True,True,True,True,"O texto-base apresenta o contexto específico (conflitos entre comerciantes e jovens, presença de pichações e cartazes) e as propostas divergentes, que são essenciais para avaliar qual alternativa melhor se alinha à intenção crítica do coletivo. Sem esse contexto, não seria possível distinguir adequadamente entre as opções apresentadas.",
690,True,True,True,True,"O texto-base descreve as três fases do capitalismo que são o objeto central da questão e das alternativas; sem ele, não há referência para identificar ou distinguir as fases mencionadas no enunciado e nas opções.",
695,True,True,True,True,"O comando faz referência direta à instalação descrita no texto-base, e as alternativas contrastam características específicas mencionadas no texto (como percurso ativo vs. visão frontal estática), sendo impossível identificar o gabarito sem a leitura prévia.",
700,True,False,False,True,"O comando faz referência explícita ao 'contexto apresentado', que é descrito no texto-base, sendo necessário para situar a obra. Contudo, as alternativas e o gabarito são genéricas o suficiente para serem avaliadas isoladamente, pois descrevem conceitos amplos de história da arte. Ainda assim, o texto-base é necessário para vincular a interpretação correta ao caso concreto.",
702,True,False,False,True,"O comando faz referência direta ao episódio descrito no texto-base (o ajuste de decisões a partir de sentidos que extrapolam o literal), sendo necessário para contextualizar a situação analisada. As alternativas, porém, são definições autônomas de conceitos linguísticos que podem ser avaliadas independentemente do texto, e a alternativa correta (A) pode ser identificada sem ele.",
704,False,False,False,False,"O enunciado e as alternativas contêm todas as informações necessárias para resolver a questão, sendo o texto-base apenas contextual e dispensável.",
707,False,False,False,False,"O texto-base apenas contextualiza o problema físico, mas todas as afirmações e a lógica de classificação de pontos críticos (derivadas, discriminante, mapas de nível) estão integralmente contidas no enunciado e nas alternativas, sendo o contexto dispensável para a resolução.",
712,True,True,True,True,"O texto-base estabelece os critérios essenciais para a escolha do material didático na EJA (trajetória dos estudantes, saberes prévios, condições de acesso, mediação pedagógica), que fundamentam tanto o enunciado quanto a distinção entre as alternativas e a identificação do gabarito.",
713,True,True,True,True,"O texto-base define os princípios curatoriais do Minimalismo (redução, serialização, materiais industriais, neutralidade expressiva) que fundamentam tanto o comando quanto a distinção entre as alternativas. Sem ele, não seria possível identificar a resposta correta com segurança.",
714,False,False,False,False,"As asserções do enunciado e as alternativas tratam exclusivamente de conceitos matemáticos gerais sobre mudança de variáveis em integrais triplas e o papel do Jacobiano, que não dependem de nenhum dado específico do texto-base. O texto-base é meramente contextual e pode ser removido sem prejuízo à compreensão ou resolução da questão.",
717,True,True,False,True,"O enunciado (comando) faz referência explícita ao contexto do pesquisador e aos anéis específicos introduzidos no texto-base, sendo essencial para compreender as afirmações I–IV. As alternativas e o gabarito, por sua vez, dependem apenas da avaliação lógica dessas afirmações, não exigindo informações adicionais do texto-base além do que já está no enunciado.",
721,True,True,True,True,"O comando e as alternativas fazem referência direta a elementos específicos do texto-base (ocupação cultural, articulação de linguagens do hip hop, experiências de racismo e exclusão, contexto periférico-centro), sendo impossível avaliar qual alternativa melhor se encaixa sem a leitura do texto.",
725,True,True,True,True,"O texto-base fornece o contexto essencial sobre a natureza das obras (materiais precários e não convencionais) e o desafio curatorial (público acostumado à arte tradicional), sem o qual as afirmações e a distinção entre estratégias adequadas e inadequadas não podem ser avaliadas.",
726,True,True,True,True,"O texto-base descreve o contexto experimental (materiais, procedimentos e objetivos pedagógicos) que fundamenta a avaliação das afirmações no enunciado; sem ele, não seria possível julgar quais procedimentos são adequados ou distinguir as alternativas corretamente.",
729,False,False,False,False,"O texto-base apenas contextualiza a noção de referenciação com um exemplo, mas o conceito cobrado no enunciado e nas alternativas é autossuficiente e pode ser respondido com conhecimento teórico sobre o tema, sem depender do exemplo específico.",
733,True,True,True,True,"O texto-base descreve o contexto curatorial, as características das obras e as expectativas do público, informações essenciais para avaliar criticamente cada decisão apresentada no enunciado e nas alternativas. Sem ele, não seria possível distinguir quais ações favorecem ou prejudicam a compreensão crítica da videoarte.",
739,False,False,False,False,"O enunciado apresenta duas asserções completas e autossuficientes sobre a prática pedagógica descrita, e as alternativas são genéricas (avaliando relação de verdade e justificativa entre proposições), podendo ser respondidas sem recorrer ao texto-base.",
743,True,False,False,False,"O comando faz referência direta à afirmação do professor, mas as alternativas descrevem conceitos autossuficientes sobre o objeto de estudo da Semântica, e a alternativa correta (B) pode ser identificada independentemente do texto-base por conhecimento prévio.",
745,True,True,True,True,"O texto-base fornece o contexto clínico essencial (queimaduras em membros superiores e tronco, limitações funcionais, dor, retrações) que orienta a escolha da abordagem avaliativa mais adequada. Sem ele, não seria possível relacionar as queixas específicas da paciente às condutas propostas nas alternativas, tornando impossível distinguir a resposta correta.",
750,True,True,True,True,"O texto-base fornece as condições geométricas essenciais (placas não intersectantes e equidistantes, barra secante a uma e sem cortar a outra) que definem o problema e permitem distinguir a alternativa correta das demais.",
753,True,True,True,True,"O texto-base apresenta o problema pedagógico (alunos desconsideram elementos visuais) e o objetivo da docente (articular diferentes linguagens), sendo essencial para avaliar quais propostas são adequadas. As alternativas e o gabarito só fazem sentido no contexto desse diagnóstico e dessa intenção.",
763,True,True,True,True,"O comando faz referência explícita à 'situação descrita' no texto-base, e as alternativas discutem especificamente os resultados dos dois experimentos narrados (t-butil brometo vs. brometo de etila), sendo impossível avaliá-las sem o contexto fornecido pelo texto-base.",
766,True,True,True,True,"O texto-base apresenta os interesses conflitantes e o objetivo declarado pelo coletivo, que são essenciais tanto para compreender o que se pede no comando quanto para avaliar a coerência de cada alternativa com esse objetivo.",
767,False,False,False,False,"O enunciado e as alternativas tratam de definições gerais sobre Semântica, significado e sentido, que podem ser respondidas com conhecimento teórico independente do texto-base; o exemplo do 'banco' é meramente ilustrativo e não essencial para distinguir as opções.",
768,True,True,True,True,O texto-base fornece as propriedades geométricas essenciais (bases congruentes e paralelas para o primeiro sólido; base circular e vértice por rotação de triângulo retângulo para o segundo) que permitem identificar corretamente os sólidos e distinguir entre as alternativas apresentadas.,
770,True,True,True,True,"O texto-base contextualiza as intenções da artista (diálogo com o Fotorrealismo, ênfase em reflexos/transparências e tensionamento da circulação de imagens), sendo essencial para avaliar quais procedimentos são adequados. As alternativas descrevem estratégias que só podem ser julgadas à luz desse contexto, e o gabarito depende dessa avaliação.",
772,True,True,True,True,"O enunciado e as afirmações fazem referência direta ao contexto específico da escola, à legislação citada e ao perfil dos estudantes, informações que só constam no texto-base; sem elas, não seria possível avaliar a adequação pedagógica e legal de cada proposta nem distinguir as alternativas.",
777,False,False,False,False,"O enunciado introduz o conceito de lexicogrammar de forma autossuficiente, e as alternativas apresentam definições que podem ser avaliadas com conhecimento prévio do tema, sem depender das informações do texto-base.",
779,True,False,False,False,"O comando faz referência direta ao 'contexto' estabelecido pelo texto-base ao usar a expressão 'Nesse contexto', mas as alternativas e o gabarito são autoexplicativos e podem ser avaliados com conhecimento prévio, sem necessidade obrigatória do texto-base.",
782,True,True,True,True,"O texto-base fornece o contexto essencial (perfil da turma, recursos disponíveis e orientação da coordenação) que fundamenta a avaliação das afirmações sobre práticas inclusivas; sem ele, não seria possível julgar quais estratégias são adequadas ao cenário descrito.",
787,True,False,False,True,"O comando faz referência a valores e prazos específicos (investimento de R$ 200.000,00 e prazo de 3 anos) que só estão no texto-base, mas as alternativas descrevem métodos genéricos de avaliação que poderiam ser analisados independentemente dos dados numéricos. Ainda assim, o texto-base é necessário para contextualizar o problema e permitir a identificação correta do procedimento adequado.",
792,True,False,False,True,"O comando faz referência explícita ao exemplo do texto-base ('Nesse exemplo...'), exigindo que o candidato identifique que se trata de um caso de inferência contextual. As alternativas, porém, são definições autossuficientes das áreas da linguística e poderiam ser avaliadas independentemente.",
794,True,False,False,True,"O comando faz referência direta ao 'contexto' descrito no texto-base sobre as características dos estudantes da EJA, sendo necessário para compreender a situação. Contudo, as alternativas e o gabarito tratam de princípios pedagógicos gerais que poderiam ser avaliados isoladamente, embora o texto-base oriente a escolha correta.",
801,False,False,False,False,"A questão trata de definições básicas de equações diferenciais ordinárias lineares de segunda ordem, que são conhecimento padrão e não dependem de nenhuma informação específica do texto-base. O texto serve apenas como introdução genérica ao tema.",
808,False,False,False,False,"A questão pergunta diretamente sobre o elemento de volume em coordenadas esféricas, um conhecimento padrão de cálculo que pode ser respondido sem o texto-base, e as alternativas apresentam fórmulas que podem ser avaliadas independentemente.",
812,False,False,False,False,O texto-base é genérico sobre a história do inglês e não fornece informações específicas sobre verbos copulares; a questão pode ser respondida com conhecimento linguístico independente.,
818,False,False,False,False,"O enunciado e as alternativas tratam de conhecimentos gerais sobre o objeto de estudo da Geografia Econômica, que podem ser respondidos sem o texto-base. A etimologia e a breve definição do texto-base não são necessárias para distinguir a alternativa correta das demais.",
819,True,True,True,True,"O texto-base contextualiza a situação específica (turmas noturnas de EJA com perfil de estudantes e tensões curriculares) que fundamenta tanto o enunciado quanto a distinção entre as alternativas, sendo essencial para identificar a opção alinhada às Diretrizes Curriculares Nacionais para a EJA.",
826,True,False,False,False,"O comando faz referência ao 'contexto' do texto-base para definir o objeto da Geografia econômica, mas as alternativas apresentam definições autossuficientes que podem ser avaliadas com conhecimento prévio, sem necessidade do texto-base.",
827,False,True,True,True,"O enunciado é genérico e poderia ser respondido sem o texto-base, mas as alternativas fazem referência explícita à reta r e ao ponto P fora dela, elementos introduzidos pelo texto-base, sendo essenciais para distinguir a alternativa correta (A) das demais.",
829,True,True,True,True,"O texto-base estabelece o contexto estratégico da empresa (alinhamento transversal à Agenda 2030) e o dilema central (evitar iniciativas pontuais desconectadas), que são essenciais para avaliar quais das decisões propostas nas afirmativas I-IV são coerentes com a diretriz da diretoria. Sem esse contexto, não seria possível distinguir adequadamente as alternativas corretas das incorretas.",
830,False,False,False,False,"O enunciado e as alternativas tratam de definições básicas de áreas da linguística, sendo autoexplicativos e não dependentes de informações específicas do texto-base. A questão poderia ser respondida sem ele.",
839,True,True,True,True,"O texto-base contextualiza a análise geográfica da pesquisadora sobre cercamentos, proletarização e acumulação de capitais, elementos essenciais tanto para o enunciado quanto para distinguir a alternativa correta (A) das demais, que descrevem cenários opostos ao apresentado.",
840,False,False,False,False,"A questão pergunta a definição de um termo básico da matemática (postulado), que pode ser respondida com conhecimento geral, sem depender das informações do texto-base.",
842,True,True,True,True,"O texto-base fornece informações clínicas essenciais (fase pós-aguda, características das cicatrizes, presença de edema, prurido, limitação funcional) que fundamentam tanto o comando quanto a distinção entre as alternativas, sendo indispensável para identificar a conduta adequada.",
844,False,False,False,False,"O enunciado e as alternativas contêm todas as informações necessárias para identificar a fórmula correta da massa de um sólido com densidade variável, sem depender do texto-base, que é apenas contextual.",
