question_id,question_type,discipline,taxonomy_level,correct_option,n_fe,n_ap,n_apl,n_melhorias,n_subjetivos,score_refino,elegivel_refino,decisao,categoria,o_que_melhorar,observacoes_subjetivas
1,Afirmação Incompleta,historia da filosofia medieval,Avaliar,A,0,0,1,1,0,1.0,False,INVESTIGAR (diagnóstico insuficiente para guiar o refino),INVESTIGAR,[APL] reposicionar o gabarito (viés de letra no conjunto),
2,Afirmação Incompleta,educacao de jovens e adultos,Avaliar,B,2,0,0,2,1,2.6,True,REFINAR_SELECIONADO,REFINAR_SELECIONADO,[FE] suavizar termos absolutos nos distratores | [FE] conectar as alternativas ao conteúdo do item,Termos Absolutos Generalizacoes
3,Afirmação Incompleta,ensino e aprendizagem das ciencias naturais,Analisar,A,1,0,1,2,1,2.1,True,"REFINAR (elegível, fora do top 100)",REFINAR,[FE] eliminar pista: palavra do enunciado só no gabarito | [APL] reposicionar o gabarito (viés de letra no conjunto),Termos Absolutos Generalizacoes
5,Afirmação Incompleta,geometria espacial,Avaliar,E,0,1,0,1,0,1.3,False,INVESTIGAR (diagnóstico insuficiente para guiar o refino),INVESTIGAR,[AP] alinhar o verbo do enunciado ao Bloom declarado (detectado Lembrar vs declarado Avaliar),
8,Afirmação Incompleta,geometria espacial,Avaliar,D,0,0,0,0,1,-0.4,False,"INVESTIGAR (rejeitado, mas sem problema objetivo detectado)",INVESTIGAR,,Termos Absolutos Generalizacoes
11,Múltipla Escolha Simples,metodologias do ensino de linguas estrangeiras,Analisar,B,0,0,0,0,0,0.0,False,"INVESTIGAR (rejeitado, mas sem problema objetivo detectado)",INVESTIGAR,,
13,Múltipla Escolha Simples,educacao de jovens e adultos,Avaliar,A,0,1,1,2,0,2.3,True,"REFINAR (elegível, fora do top 100)",REFINAR,[AP] alinhar o verbo do enunciado ao Bloom declarado (detectado Lembrar vs declarado Avaliar) | [APL] reposicionar o gabarito (viés de letra no conjunto),
18,Múltipla Escolha Simples,calculo diferencial e integral iii,Criar,A,2,0,1,3,0,4.0,False,DESCARTAR (gabarito matematicamente impossível),DESCARTAR,[FE] corrigir gabarito matematicamente impossível | [FE] explicitar o comando do enunciado | [APL] reposicionar o gabarito (viés de letra no conjunto),
22,Múltipla Escolha Simples,"avaliacao, controle e regulacao no sus",Avaliar,A,2,0,1,3,0,4.0,True,REFINAR_SELECIONADO,REFINAR_SELECIONADO,[FE] eliminar pista: palavra do enunciado só no gabarito | [FE] explicitar o comando do enunciado | [APL] reposicionar o gabarito (viés de letra no conjunto),
26,Afirmação Incompleta,geografia economica,Avaliar,A,3,0,1,4,0,5.5,True,REFINAR_SELECIONADO,REFINAR_SELECIONADO,[FE] remover lacuna (__) do enunciado | [FE] tornar o texto-base necessário ou removê-lo | [FE] conectar as alternativas ao conteúdo do item | [APL] reposicionar o gabarito (viés de letra no conjunto),
29,Múltipla Escolha Simples,geometria espacial,Avaliar,A,1,0,1,2,1,2.1,True,"REFINAR (elegível, fora do top 100)",REFINAR,[FE] explicitar o comando do enunciado | [APL] reposicionar o gabarito (viés de letra no conjunto),Termos Absolutos Generalizacoes
32,Múltipla Escolha Simples,arte contemporanea,Avaliar,C,2,0,0,2,0,3.0,True,REFINAR_SELECIONADO,REFINAR_SELECIONADO,[FE] explicitar o comando do enunciado | [FE] tornar o texto-base necessário ou removê-lo,
36,Múltipla Escolha Simples,arte contemporanea,Avaliar,A,1,1,1,3,0,3.8,True,REFINAR_SELECIONADO,REFINAR_SELECIONADO,[FE] eliminar pista: palavra do enunciado só no gabarito | [AP] alinhar o verbo do enunciado ao Bloom declarado (detectado Lembrar vs declarado Avaliar) | [APL] reposicionar o gabarito (viés de letra no conjunto),
37,Múltipla Escolha Simples,estetica facial aplicada,Analisar,A,1,1,1,3,0,3.8,True,REFINAR_SELECIONADO,REFINAR_SELECIONADO,[FE] eliminar pista: palavra do enunciado só no gabarito | [AP] alinhar o verbo do enunciado ao Bloom declarado (detectado Lembrar vs declarado Analisar) | [APL] reposicionar o gabarito (viés de letra no conjunto),
39,Múltipla Escolha Simples,geometria espacial,Avaliar,A,3,0,1,4,1,5.1,True,REFINAR_SELECIONADO,REFINAR_SELECIONADO,[FE] alongar o gabarito (mais curto que os distratores) | [FE] suavizar termos absolutos nos distratores | [FE] explicitar o comando do enunciado | [APL] reposicionar o gabarito (viés de letra no conjunto),Termos Absolutos Generalizacoes
43,Múltipla Escolha Simples,arte contemporanea,Aplicar,A,0,1,1,2,0,2.3,True,"REFINAR (elegível, fora do top 100)",REFINAR,[AP] alinhar o verbo do enunciado ao Bloom declarado (detectado Lembrar vs declarado Aplicar) | [APL] reposicionar o gabarito (viés de letra no conjunto),
54,Múltipla Escolha Complexa,metodologias do ensino de linguas estrangeiras,Avaliar,A,0,0,1,1,1,0.6,False,INVESTIGAR (diagnóstico insuficiente para guiar o refino),INVESTIGAR,[APL] reposicionar o gabarito (viés de letra no conjunto),Termos Absolutos Generalizacoes
56,Múltipla Escolha Simples,quimica organica,Analisar,A,1,1,1,3,0,3.8,True,REFINAR_SELECIONADO,REFINAR_SELECIONADO,[FE] encurtar o gabarito (mais longo que os distratores) | [AP] alinhar o verbo do enunciado ao Bloom declarado (detectado Lembrar vs declarado Analisar) | [APL] reposicionar o gabarito (viés de letra no conjunto),
62,Múltipla Escolha Simples,estruturas algebricas,Aplicar,A,2,0,1,3,0,4.0,True,REFINAR_SELECIONADO,REFINAR_SELECIONADO,[FE] encurtar o gabarito (mais longo que os distratores) | [FE] reescrever enunciado em forma afirmativa | [APL] reposicionar o gabarito (viés de letra no conjunto),
63,Afirmação Incompleta,fisioterapia dermatofuncional,Avaliar,A,1,0,1,2,0,2.5,True,REFINAR_SELECIONADO,REFINAR_SELECIONADO,[FE] encurtar o gabarito (mais longo que os distratores) | [APL] reposicionar o gabarito (viés de letra no conjunto),
66,Múltipla Escolha Simples,quimica organica,Aplicar,A,2,1,1,4,0,5.3,True,REFINAR_SELECIONADO,REFINAR_SELECIONADO,[FE] encurtar o gabarito (mais longo que os distratores) | [FE] eliminar pista: palavra do enunciado só no gabarito | [AP] alinhar o verbo do enunciado ao Bloom declarado (detectado Lembrar vs declarado Aplicar) | [APL] reposicionar o gabarito (viés de letra no conjunto),
69,Afirmação Incompleta,fisioterapia dermatofuncional,Analisar,A,1,0,1,2,0,2.5,True,REFINAR_SELECIONADO,REFINAR_SELECIONADO,[FE] tornar o texto-base necessário ou removê-lo | [APL] reposicionar o gabarito (viés de letra no conjunto),
73,Asserção-Razão,historia da filosofia medieval,Analisar,C,0,0,0,0,1,-0.4,False,"INVESTIGAR (rejeitado, mas sem problema objetivo detectado)",INVESTIGAR,,Termos Absolutos Generalizacoes
74,Afirmação Incompleta,morfossintaxe da lingua inglesa,Avaliar,A,1,0,1,2,0,2.5,True,REFINAR_SELECIONADO,REFINAR_SELECIONADO,[FE] conectar as alternativas ao conteúdo do item | [APL] reposicionar o gabarito (viés de letra no conjunto),
78,Múltipla Escolha Simples,arte contemporanea,Analisar,A,1,1,1,3,0,3.8,True,REFINAR_SELECIONADO,REFINAR_SELECIONADO,[FE] eliminar pista: palavra do enunciado só no gabarito | [AP] alinhar o verbo do enunciado ao Bloom declarado (detectado Lembrar vs declarado Analisar) | [APL] reposicionar o gabarito (viés de letra no conjunto),
85,Múltipla Escolha Simples,metodologias do ensino de linguas estrangeiras,Avaliar,A,1,1,1,3,0,3.8,True,REFINAR_SELECIONADO,REFINAR_SELECIONADO,[FE] suavizar termos absolutos nos distratores | [AP] alinhar o verbo do enunciado ao Bloom declarado (detectado Lembrar vs declarado Avaliar) | [APL] reposicionar o gabarito (viés de letra no conjunto),
86,Múltipla Escolha Simples,educacao de jovens e adultos,Avaliar,A,2,0,1,3,2,3.2,True,REFINAR_SELECIONADO,REFINAR_SELECIONADO,[FE] suavizar termos absolutos nos distratores | [FE] explicitar o comando do enunciado | [APL] reposicionar o gabarito (viés de letra no conjunto),Opiniao Subjetividade | Termos Absolutos Generalizacoes
88,Asserção-Razão,fisioterapia dermatofuncional,Analisar,B,1,0,0,1,0,1.5,False,INVESTIGAR (diagnóstico insuficiente para guiar o refino),INVESTIGAR,[FE] tornar o texto-base necessário ou removê-lo,
90,Afirmação Incompleta,calculo diferencial e integral iii,Aplicar,A,1,0,1,2,1,2.1,True,"REFINAR (elegível, fora do top 100)",REFINAR,[FE] tornar o texto-base necessário ou removê-lo | [APL] reposicionar o gabarito (viés de letra no conjunto),Convergencia Pistas
93,Múltipla Escolha Simples,geografia economica,Avaliar,B,3,0,0,3,2,3.7,True,REFINAR_SELECIONADO,REFINAR_SELECIONADO,[FE] encurtar o gabarito (mais longo que os distratores) | [FE] suavizar termos absolutos nos distratores | [FE] explicitar o comando do enunciado,Opiniao Subjetividade | Termos Absolutos Generalizacoes
98,Afirmação Incompleta,conexao sem barreiras em saude,Avaliar,A,1,1,1,3,1,3.4,True,REFINAR_SELECIONADO,REFINAR_SELECIONADO,[FE] eliminar pista: palavra do enunciado só no gabarito | [AP] alinhar o verbo do enunciado ao Bloom declarado (detectado Lembrar vs declarado Avaliar) | [APL] reposicionar o gabarito (viés de letra no conjunto),Opiniao Subjetividade
106,Afirmação Incompleta,morfossintaxe da lingua inglesa,Avaliar,A,1,0,1,2,0,2.5,True,REFINAR_SELECIONADO,REFINAR_SELECIONADO,[FE] tornar o texto-base necessário ou removê-lo | [APL] reposicionar o gabarito (viés de letra no conjunto),
109,Múltipla Escolha Simples,calculo diferencial e integral iii,Avaliar,A,1,1,1,3,0,3.8,True,REFINAR_SELECIONADO,REFINAR_SELECIONADO,[FE] eliminar pista: palavra do enunciado só no gabarito | [AP] alinhar o verbo do enunciado ao Bloom declarado (detectado Lembrar vs declarado Avaliar) | [APL] reposicionar o gabarito (viés de letra no conjunto),
110,Múltipla Escolha Complexa,ensino e aprendizagem das ciencias naturais,Avaliar,A,0,0,1,1,0,1.0,False,INVESTIGAR (diagnóstico insuficiente para guiar o refino),INVESTIGAR,[APL] reposicionar o gabarito (viés de letra no conjunto),
117,Múltipla Escolha Simples,educacao de jovens e adultos,Avaliar,A,3,0,1,4,2,4.7,True,REFINAR_SELECIONADO,REFINAR_SELECIONADO,[FE] suavizar termos absolutos nos distratores | [FE] explicitar o comando do enunciado | [FE] tornar o texto-base necessário ou removê-lo | [APL] reposicionar o gabarito (viés de letra no conjunto),Opiniao Subjetividade | Termos Absolutos Generalizacoes
118,Afirmação Incompleta,morfossintaxe da lingua inglesa,Avaliar,C,4,0,0,4,1,5.6,True,REFINAR_SELECIONADO,REFINAR_SELECIONADO,[FE] encurtar o gabarito (mais longo que os distratores) | [FE] suavizar termos absolutos nos distratores | [FE] eliminar pista: palavra do enunciado só no gabarito | [FE] tornar o texto-base necessário ou removê-lo,Termos Absolutos Generalizacoes
121,Afirmação Incompleta,morfossintaxe da lingua inglesa,Avaliar,A,1,0,1,2,1,2.1,True,"REFINAR (elegível, fora do top 100)",REFINAR,[FE] conectar as alternativas ao conteúdo do item | [APL] reposicionar o gabarito (viés de letra no conjunto),Termos Absolutos Generalizacoes
122,Afirmação Incompleta,quimica organica,Analisar,A,1,0,1,2,0,2.5,True,REFINAR_SELECIONADO,REFINAR_SELECIONADO,[FE] diferenciar gabarito do distrator equivalente | [APL] reposicionar o gabarito (viés de letra no conjunto),
123,Afirmação Incompleta,arte contemporanea,Avaliar,A,1,0,1,2,0,2.5,True,REFINAR_SELECIONADO,REFINAR_SELECIONADO,[FE] eliminar pista: palavra do enunciado só no gabarito | [APL] reposicionar o gabarito (viés de letra no conjunto),
127,Múltipla Escolha Complexa,responsabilidade social e ambiental,Analisar,A,1,1,1,3,5,1.7999999999999998,True,"REFINAR (elegível, fora do top 100)",REFINAR,[FE] eliminar duplicata do gabarito | [AP] ajustar o formato ao tipo declarado (combinação I-IV duplicada (A e C)) | [APL] reposicionar o gabarito (viés de letra no conjunto),Paralelismo | Coerencia Conteudo | Corretude Unicidade Gabarito | Convergencia Pistas | Termos Absolutos Generalizacoes
131,Múltipla Escolha Simples,microbiologia e imunologia,Avaliar,A,1,1,1,3,0,3.8,True,REFINAR_SELECIONADO,REFINAR_SELECIONADO,[FE] tornar o texto-base necessário ou removê-lo | [AP] alinhar o verbo do enunciado ao Bloom declarado (detectado Lembrar vs declarado Avaliar) | [APL] reposicionar o gabarito (viés de letra no conjunto),
132,Afirmação Incompleta,geografia economica,Avaliar,A,1,0,1,2,0,2.5,True,REFINAR_SELECIONADO,REFINAR_SELECIONADO,[FE] tornar o texto-base necessário ou removê-lo | [APL] reposicionar o gabarito (viés de letra no conjunto),
138,Afirmação Incompleta,educacao de jovens e adultos,Avaliar,A,0,0,1,1,0,1.0,False,INVESTIGAR (diagnóstico insuficiente para guiar o refino),INVESTIGAR,[APL] reposicionar o gabarito (viés de letra no conjunto),
139,Afirmação Incompleta,educacao de jovens e adultos,Analisar,A,0,1,1,2,2,1.4999999999999998,True,"REFINAR (elegível, fora do top 100)",REFINAR,[AP] alinhar o verbo do enunciado ao Bloom declarado (detectado Avaliar vs declarado Analisar) | [APL] reposicionar o gabarito (viés de letra no conjunto),Opiniao Subjetividade | Termos Absolutos Generalizacoes
140,Asserção-Razão,arte contemporanea,Avaliar,A,0,0,1,1,1,0.6,False,INVESTIGAR (diagnóstico insuficiente para guiar o refino),INVESTIGAR,[APL] reposicionar o gabarito (viés de letra no conjunto),Termos Absolutos Generalizacoes
141,Múltipla Escolha Simples,geometria espacial,Avaliar,A,3,0,1,4,1,5.1,True,REFINAR_SELECIONADO,REFINAR_SELECIONADO,[FE] suavizar termos absolutos nos distratores | [FE] explicitar o comando do enunciado | [FE] tornar o texto-base necessário ou removê-lo | [APL] reposicionar o gabarito (viés de letra no conjunto),Termos Absolutos Generalizacoes
145,Afirmação Incompleta,fisioterapia dermatofuncional,Analisar,A,0,1,1,2,0,2.3,True,"REFINAR (elegível, fora do top 100)",REFINAR,[AP] alinhar o verbo do enunciado ao Bloom declarado (detectado Avaliar vs declarado Analisar) | [APL] reposicionar o gabarito (viés de letra no conjunto),
149,Afirmação Incompleta,analise de investimentos e fontes de financiamento,Aplicar,A,0,1,1,2,0,2.3,True,"REFINAR (elegível, fora do top 100)",REFINAR,[AP] alinhar o verbo do enunciado ao Bloom declarado (detectado Avaliar vs declarado Aplicar) | [APL] reposicionar o gabarito (viés de letra no conjunto),
151,Afirmação Incompleta,calculo diferencial e integral iii,Criar,A,1,0,1,2,0,2.5,True,REFINAR_SELECIONADO,REFINAR_SELECIONADO,[FE] tornar o texto-base necessário ou removê-lo | [APL] reposicionar o gabarito (viés de letra no conjunto),
160,Asserção-Razão,semantica,Avaliar,A,1,0,1,2,0,2.5,True,REFINAR_SELECIONADO,REFINAR_SELECIONADO,[FE] tornar o texto-base necessário ou removê-lo | [APL] reposicionar o gabarito (viés de letra no conjunto),
165,Múltipla Escolha Simples,arte contemporanea,Avaliar,A,1,1,1,3,0,3.8,True,REFINAR_SELECIONADO,REFINAR_SELECIONADO,[FE] tornar o texto-base necessário ou removê-lo | [AP] alinhar o verbo do enunciado ao Bloom declarado (detectado Lembrar vs declarado Avaliar) | [APL] reposicionar o gabarito (viés de letra no conjunto),
167,Afirmação Incompleta,microbiologia e imunologia,Analisar,A,1,0,1,2,0,2.5,True,REFINAR_SELECIONADO,REFINAR_SELECIONADO,[FE] eliminar pista: palavra do enunciado só no gabarito | [APL] reposicionar o gabarito (viés de letra no conjunto),
171,Afirmação Incompleta,funcionamento da educacao brasileira e politicas publicas,Analisar,A,1,0,1,2,0,2.5,True,REFINAR_SELECIONADO,REFINAR_SELECIONADO,[FE] encurtar o gabarito (mais longo que os distratores) | [APL] reposicionar o gabarito (viés de letra no conjunto),
176,Múltipla Escolha Complexa,metodologias do ensino de linguas estrangeiras,Avaliar,D,0,0,0,0,4,-1.6,False,"INVESTIGAR (rejeitado, mas sem problema objetivo detectado)",INVESTIGAR,,Coerencia Conteudo | Corretude Unicidade Gabarito | Convergencia Pistas | Termos Absolutos Generalizacoes
184,Múltipla Escolha Simples,calculo diferencial e integral iii,Avaliar,A,2,0,1,3,0,4.0,True,REFINAR_SELECIONADO,REFINAR_SELECIONADO,[FE] eliminar pista: palavra do enunciado só no gabarito | [FE] explicitar o comando do enunciado | [APL] reposicionar o gabarito (viés de letra no conjunto),
186,Múltipla Escolha Simples,calculo diferencial e integral iii,Avaliar,A,3,0,1,4,0,5.5,True,REFINAR_SELECIONADO,REFINAR_SELECIONADO,[FE] diferenciar gabarito do distrator equivalente | [FE] diferenciar alternativas quase idênticas | [FE] explicitar o comando do enunciado | [APL] reposicionar o gabarito (viés de letra no conjunto),
188,Múltipla Escolha Complexa,arte contemporanea,Avaliar,A,0,0,1,1,0,1.0,False,INVESTIGAR (diagnóstico insuficiente para guiar o refino),INVESTIGAR,[APL] reposicionar o gabarito (viés de letra no conjunto),
192,Múltipla Escolha Complexa,fisioterapia dermatofuncional,Avaliar,A,0,0,1,1,1,0.6,False,INVESTIGAR (diagnóstico insuficiente para guiar o refino),INVESTIGAR,[APL] reposicionar o gabarito (viés de letra no conjunto),Termos Absolutos Generalizacoes
193,Afirmação Incompleta,educacao de jovens e adultos,Analisar,A,0,0,1,1,0,1.0,False,INVESTIGAR (diagnóstico insuficiente para guiar o refino),INVESTIGAR,[APL] reposicionar o gabarito (viés de letra no conjunto),
198,Múltipla Escolha Complexa,historia da filosofia medieval,Avaliar,A,0,0,1,1,0,1.0,False,INVESTIGAR (diagnóstico insuficiente para guiar o refino),INVESTIGAR,[APL] reposicionar o gabarito (viés de letra no conjunto),
203,Afirmação Incompleta,microbiologia e imunologia,Avaliar,A,0,0,1,1,0,1.0,False,INVESTIGAR (diagnóstico insuficiente para guiar o refino),INVESTIGAR,[APL] reposicionar o gabarito (viés de letra no conjunto),
212,Múltipla Escolha Simples,microbiologia e imunologia,Analisar,A,0,1,1,2,0,2.3,True,"REFINAR (elegível, fora do top 100)",REFINAR,[AP] alinhar o verbo do enunciado ao Bloom declarado (detectado Lembrar vs declarado Analisar) | [APL] reposicionar o gabarito (viés de letra no conjunto),
224,Múltipla Escolha Simples,semantica,Avaliar,C,3,0,0,3,1,4.1,True,REFINAR_SELECIONADO,REFINAR_SELECIONADO,[FE] suavizar termos absolutos nos distratores | [FE] eliminar pista: palavra do enunciado só no gabarito | [FE] explicitar o comando do enunciado,Termos Absolutos Generalizacoes
227,Afirmação Incompleta,educacao de jovens e adultos,Avaliar,A,2,0,1,3,1,3.6,True,REFINAR_SELECIONADO,REFINAR_SELECIONADO,[FE] remover lacuna (__) do enunciado | [FE] tornar o texto-base necessário ou removê-lo | [APL] reposicionar o gabarito (viés de letra no conjunto),Termos Absolutos Generalizacoes
228,Afirmação Incompleta,geografia economica,Avaliar,C,1,1,0,2,0,2.8,True,REFINAR_SELECIONADO,REFINAR_SELECIONADO,[FE] tornar o texto-base necessário ou removê-lo | [AP] alinhar o verbo do enunciado ao Bloom declarado (detectado Lembrar vs declarado Avaliar),
229,Múltipla Escolha Simples,calculo diferencial e integral iii,Avaliar,A,2,0,1,3,0,4.0,True,REFINAR_SELECIONADO,REFINAR_SELECIONADO,[FE] explicitar o comando do enunciado | [FE] tornar o texto-base necessário ou removê-lo | [APL] reposicionar o gabarito (viés de letra no conjunto),
230,Múltipla Escolha Complexa,arte contemporanea,Avaliar,A,0,0,1,1,0,1.0,False,INVESTIGAR (diagnóstico insuficiente para guiar o refino),INVESTIGAR,[APL] reposicionar o gabarito (viés de letra no conjunto),
231,Múltipla Escolha Simples,arte contemporanea,Analisar,A,0,1,1,2,0,2.3,True,"REFINAR (elegível, fora do top 100)",REFINAR,[AP] alinhar o verbo do enunciado ao Bloom declarado (detectado Lembrar vs declarado Analisar) | [APL] reposicionar o gabarito (viés de letra no conjunto),
238,Afirmação Incompleta,morfossintaxe da lingua inglesa,Avaliar,A,2,0,1,3,0,4.0,True,REFINAR_SELECIONADO,REFINAR_SELECIONADO,[FE] remover lacuna (__) do enunciado | [FE] tornar o texto-base necessário ou removê-lo | [APL] reposicionar o gabarito (viés de letra no conjunto),
241,Múltipla Escolha Simples,arte contemporanea,Avaliar,C,1,1,0,2,0,2.8,True,REFINAR_SELECIONADO,REFINAR_SELECIONADO,[FE] eliminar pista: palavra do enunciado só no gabarito | [AP] alinhar o verbo do enunciado ao Bloom declarado (detectado Lembrar vs declarado Avaliar),
246,Múltipla Escolha Simples,geometria espacial,Avaliar,B,2,0,0,2,2,2.2,True,"REFINAR (elegível, fora do top 100)",REFINAR,[FE] explicitar o comando do enunciado | [FE] tornar o texto-base necessário ou removê-lo,Paralelismo | Convergencia Pistas
251,Afirmação Incompleta,morfossintaxe da lingua inglesa,Avaliar,A,2,0,1,3,0,4.0,True,REFINAR_SELECIONADO,REFINAR_SELECIONADO,[FE] remover lacuna (__) do enunciado | [FE] tornar o texto-base necessário ou removê-lo | [APL] reposicionar o gabarito (viés de letra no conjunto),
252,Afirmação Incompleta,geometria espacial,Avaliar,A,4,0,1,5,0,7.0,True,REFINAR_SELECIONADO,REFINAR_SELECIONADO,[FE] alongar o gabarito (mais curto que os distratores) | [FE] homogeneizar a extensão das alternativas (paralelismo) | [FE] remover lacuna (__) do enunciado | [FE] tornar o texto-base necessário ou removê-lo | [APL] reposicionar o gabarito (viés de letra no conjunto),
258,Afirmação Incompleta,semantica,Avaliar,A,1,0,1,2,1,2.1,True,"REFINAR (elegível, fora do top 100)",REFINAR,[FE] tornar o texto-base necessário ou removê-lo | [APL] reposicionar o gabarito (viés de letra no conjunto),Termos Absolutos Generalizacoes
260,Múltipla Escolha Simples,calculo diferencial e integral iii,Avaliar,A,1,0,1,2,0,2.5,True,REFINAR_SELECIONADO,REFINAR_SELECIONADO,[FE] explicitar o comando do enunciado | [APL] reposicionar o gabarito (viés de letra no conjunto),
263,Múltipla Escolha Simples,fisioterapia dermatofuncional,Aplicar,A,0,1,1,2,0,2.3,True,"REFINAR (elegível, fora do top 100)",REFINAR,[AP] alinhar o verbo do enunciado ao Bloom declarado (detectado Lembrar vs declarado Aplicar) | [APL] reposicionar o gabarito (viés de letra no conjunto),
267,Afirmação Incompleta,quimica organica,Analisar,A,0,1,1,2,0,2.3,True,"REFINAR (elegível, fora do top 100)",REFINAR,[AP] alinhar o verbo do enunciado ao Bloom declarado (detectado Avaliar vs declarado Analisar) | [APL] reposicionar o gabarito (viés de letra no conjunto),
275,Afirmação Incompleta,educacao de jovens e adultos,Avaliar,A,1,0,1,2,1,2.1,True,"REFINAR (elegível, fora do top 100)",REFINAR,[FE] suavizar termos absolutos nos distratores | [APL] reposicionar o gabarito (viés de letra no conjunto),Termos Absolutos Generalizacoes
276,Afirmação Incompleta,ensino e aprendizagem das ciencias naturais,Aplicar,A,0,0,1,1,0,1.0,False,INVESTIGAR (diagnóstico insuficiente para guiar o refino),INVESTIGAR,[APL] reposicionar o gabarito (viés de letra no conjunto),
279,Afirmação Incompleta,arte contemporanea,Avaliar,C,1,0,0,1,1,1.1,False,INVESTIGAR (diagnóstico insuficiente para guiar o refino),INVESTIGAR,[FE] tornar o texto-base necessário ou removê-lo,Opiniao Subjetividade
281,Múltipla Escolha Simples,geografia economica,Avaliar,C,1,0,0,1,3,0.2999999999999998,False,INVESTIGAR (diagnóstico insuficiente para guiar o refino),INVESTIGAR,[FE] explicitar o comando do enunciado,Opiniao Subjetividade | Convergencia Pistas | Termos Absolutos Generalizacoes
288,Afirmação Incompleta,calculo diferencial e integral iii,Avaliar,A,3,0,1,4,1,5.1,True,REFINAR_SELECIONADO,REFINAR_SELECIONADO,[FE] encurtar o gabarito (mais longo que os distratores) | [FE] eliminar pista: palavra do enunciado só no gabarito | [FE] tornar o texto-base necessário ou removê-lo | [APL] reposicionar o gabarito (viés de letra no conjunto),Termos Absolutos Generalizacoes
289,Asserção-Razão,geometria espacial,Avaliar,A,1,0,1,2,0,2.5,True,REFINAR_SELECIONADO,REFINAR_SELECIONADO,[FE] tornar o texto-base necessário ou removê-lo | [APL] reposicionar o gabarito (viés de letra no conjunto),
290,Afirmação Incompleta,arte contemporanea,Analisar,A,0,0,1,1,0,1.0,False,INVESTIGAR (diagnóstico insuficiente para guiar o refino),INVESTIGAR,[APL] reposicionar o gabarito (viés de letra no conjunto),
293,Múltipla Escolha Simples,arte contemporanea,Analisar,A,0,1,1,2,0,2.3,True,"REFINAR (elegível, fora do top 100)",REFINAR,[AP] alinhar o verbo do enunciado ao Bloom declarado (detectado Lembrar vs declarado Analisar) | [APL] reposicionar o gabarito (viés de letra no conjunto),
295,Afirmação Incompleta,fisioterapia dermatofuncional,Avaliar,A,1,0,1,2,1,2.1,True,"REFINAR (elegível, fora do top 100)",REFINAR,[FE] encurtar o gabarito (mais longo que os distratores) | [APL] reposicionar o gabarito (viés de letra no conjunto),Convergencia Pistas
300,Múltipla Escolha Simples,morfossintaxe da lingua inglesa,Avaliar,A,0,0,1,1,0,1.0,False,INVESTIGAR (diagnóstico insuficiente para guiar o refino),INVESTIGAR,[APL] reposicionar o gabarito (viés de letra no conjunto),
301,Múltipla Escolha Complexa,responsabilidade social e ambiental,Analisar,A,0,0,1,1,0,1.0,False,INVESTIGAR (diagnóstico insuficiente para guiar o refino),INVESTIGAR,[APL] reposicionar o gabarito (viés de letra no conjunto),
311,Múltipla Escolha Simples,morfossintaxe da lingua inglesa,Avaliar,C,2,0,0,2,2,2.2,True,"REFINAR (elegível, fora do top 100)",REFINAR,[FE] suavizar termos absolutos nos distratores | [FE] explicitar o comando do enunciado,Opiniao Subjetividade | Termos Absolutos Generalizacoes
312,Afirmação Incompleta,semantica,Avaliar,A,1,0,1,2,0,2.5,True,REFINAR_SELECIONADO,REFINAR_SELECIONADO,[FE] remover lacuna (__) do enunciado | [APL] reposicionar o gabarito (viés de letra no conjunto),
321,Múltipla Escolha Complexa,arte contemporanea,Avaliar,A,0,0,1,1,1,0.6,False,INVESTIGAR (diagnóstico insuficiente para guiar o refino),INVESTIGAR,[APL] reposicionar o gabarito (viés de letra no conjunto),Opiniao Subjetividade
322,Afirmação Incompleta,educacao de jovens e adultos,Analisar,A,1,1,1,3,0,3.8,True,REFINAR_SELECIONADO,REFINAR_SELECIONADO,[FE] tornar o texto-base necessário ou removê-lo | [AP] alinhar o verbo do enunciado ao Bloom declarado (detectado Avaliar vs declarado Analisar) | [APL] reposicionar o gabarito (viés de letra no conjunto),
327,Afirmação Incompleta,morfossintaxe da lingua inglesa,Avaliar,A,2,1,1,4,0,5.3,True,REFINAR_SELECIONADO,REFINAR_SELECIONADO,[FE] remover lacuna (__) do enunciado | [FE] conectar as alternativas ao conteúdo do item | [AP] alinhar o verbo do enunciado ao Bloom declarado (detectado Analisar vs declarado Avaliar) | [APL] reposicionar o gabarito (viés de letra no conjunto),
330,Afirmação Incompleta,estruturas algebricas,Avaliar,A,0,0,1,1,0,1.0,False,INVESTIGAR (diagnóstico insuficiente para guiar o refino),INVESTIGAR,[APL] reposicionar o gabarito (viés de letra no conjunto),
331,Múltipla Escolha Simples,quimica organica,Aplicar,A,1,1,1,3,0,3.8,True,REFINAR_SELECIONADO,REFINAR_SELECIONADO,[FE] eliminar pista: palavra do enunciado só no gabarito | [AP] alinhar o verbo do enunciado ao Bloom declarado (detectado Lembrar vs declarado Aplicar) | [APL] reposicionar o gabarito (viés de letra no conjunto),
334,Múltipla Escolha Simples,fisioterapia dermatofuncional,Aplicar,A,1,1,1,3,0,3.8,True,REFINAR_SELECIONADO,REFINAR_SELECIONADO,[FE] eliminar pista: palavra do enunciado só no gabarito | [AP] alinhar o verbo do enunciado ao Bloom declarado (detectado Lembrar vs declarado Aplicar) | [APL] reposicionar o gabarito (viés de letra no conjunto),
343,Múltipla Escolha Simples,geografia economica,Avaliar,B,2,0,0,2,0,3.0,True,REFINAR_SELECIONADO,REFINAR_SELECIONADO,[FE] suavizar termos absolutos nos distratores | [FE] explicitar o comando do enunciado,
353,Asserção-Razão,geometria espacial,Avaliar,C,1,0,0,1,0,1.5,False,INVESTIGAR (diagnóstico insuficiente para guiar o refino),INVESTIGAR,[FE] tornar o texto-base necessário ou removê-lo,
356,Múltipla Escolha Simples,semantica,Avaliar,C,4,0,0,4,1,5.6,True,REFINAR_SELECIONADO,REFINAR_SELECIONADO,[FE] suavizar termos absolutos nos distratores | [FE] eliminar pista: palavra do enunciado só no gabarito | [FE] explicitar o comando do enunciado | [FE] tornar o texto-base necessário ou removê-lo,Termos Absolutos Generalizacoes
360,Múltipla Escolha Simples,microbiologia e imunologia,Analisar,A,1,1,1,3,1,3.4,True,REFINAR_SELECIONADO,REFINAR_SELECIONADO,[FE] encurtar o gabarito (mais longo que os distratores) | [AP] alinhar o verbo do enunciado ao Bloom declarado (detectado Lembrar vs declarado Analisar) | [APL] reposicionar o gabarito (viés de letra no conjunto),Opiniao Subjetividade
362,Afirmação Incompleta,geometria espacial,Avaliar,A,2,0,1,3,1,3.6,True,REFINAR_SELECIONADO,REFINAR_SELECIONADO,[FE] homogeneizar a extensão das alternativas (paralelismo) | [FE] tornar o texto-base necessário ou removê-lo | [APL] reposicionar o gabarito (viés de letra no conjunto),Paralelismo
364,Múltipla Escolha Simples,geometria espacial,Avaliar,A,3,0,1,4,1,5.1,True,REFINAR_SELECIONADO,REFINAR_SELECIONADO,[FE] alongar o gabarito (mais curto que os distratores) | [FE] explicitar o comando do enunciado | [FE] tornar o texto-base necessário ou removê-lo | [APL] reposicionar o gabarito (viés de letra no conjunto),Termos Absolutos Generalizacoes
368,Afirmação Incompleta,metodologias do ensino de linguas estrangeiras,Avaliar,A,0,0,1,1,0,1.0,False,INVESTIGAR (diagnóstico insuficiente para guiar o refino),INVESTIGAR,[APL] reposicionar o gabarito (viés de letra no conjunto),
369,Afirmação Incompleta,geografia economica,Avaliar,A,1,0,1,2,0,2.5,True,"REFINAR (elegível, fora do top 100)",REFINAR,[FE] tornar o texto-base necessário ou removê-lo | [APL] reposicionar o gabarito (viés de letra no conjunto),
372,Afirmação Incompleta,semantica,Avaliar,A,1,0,1,2,0,2.5,True,"REFINAR (elegível, fora do top 100)",REFINAR,[FE] tornar o texto-base necessário ou removê-lo | [APL] reposicionar o gabarito (viés de letra no conjunto),
374,Múltipla Escolha Simples,geografia economica,Avaliar,A,3,0,1,4,1,5.1,True,REFINAR_SELECIONADO,REFINAR_SELECIONADO,[FE] eliminar pista: palavra do enunciado só no gabarito | [FE] explicitar o comando do enunciado | [FE] tornar o texto-base necessário ou removê-lo | [APL] reposicionar o gabarito (viés de letra no conjunto),Convergencia Pistas
387,Afirmação Incompleta,arte contemporanea,Avaliar,A,0,1,1,2,0,2.3,True,"REFINAR (elegível, fora do top 100)",REFINAR,[AP] alinhar o verbo do enunciado ao Bloom declarado (detectado Analisar vs declarado Avaliar) | [APL] reposicionar o gabarito (viés de letra no conjunto),
392,Afirmação Incompleta,geografia economica,Avaliar,A,1,0,1,2,0,2.5,True,"REFINAR (elegível, fora do top 100)",REFINAR,[FE] tornar o texto-base necessário ou removê-lo | [APL] reposicionar o gabarito (viés de letra no conjunto),
398,Múltipla Escolha Simples,arte contemporanea,Analisar,A,0,1,1,2,0,2.3,True,"REFINAR (elegível, fora do top 100)",REFINAR,[AP] alinhar o verbo do enunciado ao Bloom declarado (detectado Lembrar vs declarado Analisar) | [APL] reposicionar o gabarito (viés de letra no conjunto),
400,Múltipla Escolha Complexa,geometria espacial,Avaliar,C,0,0,0,0,1,-0.4,False,"INVESTIGAR (rejeitado, mas sem problema objetivo detectado)",INVESTIGAR,,Termos Absolutos Generalizacoes
404,Múltipla Escolha Simples,arte contemporanea,Aplicar,A,0,1,1,2,0,2.3,True,"REFINAR (elegível, fora do top 100)",REFINAR,[AP] alinhar o verbo do enunciado ao Bloom declarado (detectado Lembrar vs declarado Aplicar) | [APL] reposicionar o gabarito (viés de letra no conjunto),
405,Múltipla Escolha Simples,geometria espacial,Avaliar,A,2,0,1,3,2,3.2,True,REFINAR_SELECIONADO,REFINAR_SELECIONADO,[FE] suavizar termos absolutos nos distratores | [FE] explicitar o comando do enunciado | [APL] reposicionar o gabarito (viés de letra no conjunto),Opiniao Subjetividade | Termos Absolutos Generalizacoes
406,Afirmação Incompleta,fisioterapia dermatofuncional,Analisar,A,0,0,1,1,1,0.6,False,INVESTIGAR (diagnóstico insuficiente para guiar o refino),INVESTIGAR,[APL] reposicionar o gabarito (viés de letra no conjunto),Termos Absolutos Generalizacoes
407,Afirmação Incompleta,arte contemporanea,Avaliar,C,1,0,0,1,2,0.7,False,INVESTIGAR (diagnóstico insuficiente para guiar o refino),INVESTIGAR,[FE] tornar o texto-base necessário ou removê-lo,Opiniao Subjetividade | Termos Absolutos Generalizacoes
408,Múltipla Escolha Simples,educacao de jovens e adultos,Avaliar,C,2,0,0,2,2,2.2,True,"REFINAR (elegível, fora do top 100)",REFINAR,[FE] suavizar termos absolutos nos distratores | [FE] explicitar o comando do enunciado,Opiniao Subjetividade | Termos Absolutos Generalizacoes
410,Afirmação Incompleta,ensino e aprendizagem das ciencias naturais,Analisar,A,1,0,1,2,0,2.5,True,"REFINAR (elegível, fora do top 100)",REFINAR,[FE] eliminar pista: palavra do enunciado só no gabarito | [APL] reposicionar o gabarito (viés de letra no conjunto),
411,Asserção-Razão,ensino e aprendizagem das ciencias naturais,Analisar,C,1,0,0,1,1,1.1,False,INVESTIGAR (diagnóstico insuficiente para guiar o refino),INVESTIGAR,[FE] tornar o texto-base necessário ou removê-lo,Termos Absolutos Generalizacoes
412,Múltipla Escolha Simples,semantica,Avaliar,C,2,0,0,2,2,2.2,True,"REFINAR (elegível, fora do top 100)",REFINAR,[FE] explicitar o comando do enunciado | [FE] tornar o texto-base necessário ou removê-lo,Opiniao Subjetividade | Termos Absolutos Generalizacoes
414,Afirmação Incompleta,calculo diferencial e integral ii,Aplicar,A,1,0,1,2,0,2.5,True,"REFINAR (elegível, fora do top 100)",REFINAR,[FE] eliminar pista: palavra do enunciado só no gabarito | [APL] reposicionar o gabarito (viés de letra no conjunto),
418,Múltipla Escolha Simples,semantica,Avaliar,A,2,0,1,3,1,3.6,True,REFINAR_SELECIONADO,REFINAR_SELECIONADO,[FE] suavizar termos absolutos nos distratores | [FE] explicitar o comando do enunciado | [APL] reposicionar o gabarito (viés de letra no conjunto),Termos Absolutos Generalizacoes
420,Asserção-Razão,historia da filosofia medieval,Avaliar,A,1,0,1,2,0,2.5,True,"REFINAR (elegível, fora do top 100)",REFINAR,[FE] tornar o texto-base necessário ou removê-lo | [APL] reposicionar o gabarito (viés de letra no conjunto),
427,Múltipla Escolha Simples,educacao de jovens e adultos,Analisar,A,0,1,1,2,0,2.3,True,"REFINAR (elegível, fora do top 100)",REFINAR,[AP] alinhar o verbo do enunciado ao Bloom declarado (detectado Lembrar vs declarado Analisar) | [APL] reposicionar o gabarito (viés de letra no conjunto),
429,Afirmação Incompleta,educacao de jovens e adultos,Avaliar,A,1,0,1,2,3,1.2999999999999998,True,"REFINAR (elegível, fora do top 100)",REFINAR,[FE] suavizar termos absolutos nos distratores | [APL] reposicionar o gabarito (viés de letra no conjunto),Opiniao Subjetividade | Convergencia Pistas | Termos Absolutos Generalizacoes
432,Afirmação Incompleta,quimica organica,Analisar,A,1,0,1,2,0,2.5,True,"REFINAR (elegível, fora do top 100)",REFINAR,[FE] tornar o texto-base necessário ou removê-lo | [APL] reposicionar o gabarito (viés de letra no conjunto),
438,Múltipla Escolha Simples,geografia economica,Avaliar,A,1,1,1,3,0,3.8,True,REFINAR_SELECIONADO,REFINAR_SELECIONADO,[FE] tornar o texto-base necessário ou removê-lo | [AP] alinhar o verbo do enunciado ao Bloom declarado (detectado Lembrar vs declarado Avaliar) | [APL] reposicionar o gabarito (viés de letra no conjunto),
439,Múltipla Escolha Complexa,responsabilidade social e ambiental,Avaliar,A,0,0,1,1,1,0.6,False,INVESTIGAR (diagnóstico insuficiente para guiar o refino),INVESTIGAR,[APL] reposicionar o gabarito (viés de letra no conjunto),Termos Absolutos Generalizacoes
440,Afirmação Incompleta,semantica,Compreender,A,0,0,1,1,0,1.0,False,INVESTIGAR (diagnóstico insuficiente para guiar o refino),INVESTIGAR,[APL] reposicionar o gabarito (viés de letra no conjunto),
442,Afirmação Incompleta,educacao de jovens e adultos,Avaliar,A,0,0,1,1,0,1.0,False,INVESTIGAR (diagnóstico insuficiente para guiar o refino),INVESTIGAR,[APL] reposicionar o gabarito (viés de letra no conjunto),
444,Múltipla Escolha Complexa,arte contemporanea,Avaliar,A,0,0,1,1,2,0.19999999999999996,False,INVESTIGAR (diagnóstico insuficiente para guiar o refino),INVESTIGAR,[APL] reposicionar o gabarito (viés de letra no conjunto),Corretude Unicidade Gabarito | Termos Absolutos Generalizacoes
446,Afirmação Incompleta,quimica organica,Analisar,A,0,0,1,1,0,1.0,False,INVESTIGAR (diagnóstico insuficiente para guiar o refino),INVESTIGAR,[APL] reposicionar o gabarito (viés de letra no conjunto),
448,Afirmação Incompleta,quimica organica,Aplicar,A,0,1,1,2,0,2.3,True,"REFINAR (elegível, fora do top 100)",REFINAR,[AP] alinhar o verbo do enunciado ao Bloom declarado (detectado Avaliar vs declarado Aplicar) | [APL] reposicionar o gabarito (viés de letra no conjunto),
454,Múltipla Escolha Complexa,microbiologia e imunologia,Avaliar,C,0,0,0,0,1,-0.4,False,"INVESTIGAR (rejeitado, mas sem problema objetivo detectado)",INVESTIGAR,,Termos Absolutos Generalizacoes
457,Afirmação Incompleta,semantica,Avaliar,A,3,0,1,4,1,5.1,True,REFINAR_SELECIONADO,REFINAR_SELECIONADO,[FE] suavizar termos absolutos nos distratores | [FE] tornar o texto-base necessário ou removê-lo | [FE] conectar as alternativas ao conteúdo do item | [APL] reposicionar o gabarito (viés de letra no conjunto),Termos Absolutos Generalizacoes
463,Múltipla Escolha Complexa,ensino e aprendizagem da lingua portuguesa,Avaliar,A,0,0,1,1,0,1.0,False,INVESTIGAR (diagnóstico insuficiente para guiar o refino),INVESTIGAR,[APL] reposicionar o gabarito (viés de letra no conjunto),
464,Asserção-Razão,morfossintaxe da lingua inglesa,Avaliar,A,1,0,1,2,0,2.5,True,"REFINAR (elegível, fora do top 100)",REFINAR,[FE] tornar o texto-base necessário ou removê-lo | [APL] reposicionar o gabarito (viés de letra no conjunto),
467,Múltipla Escolha Complexa,calculo diferencial e integral ii,Aplicar,A,1,1,1,3,4,2.1999999999999997,True,"REFINAR (elegível, fora do top 100)",REFINAR,[FE] eliminar duplicata do gabarito | [AP] ajustar o formato ao tipo declarado (combinação I-IV duplicada (A e C)) | [APL] reposicionar o gabarito (viés de letra no conjunto),Paralelismo | Corretude Unicidade Gabarito | Convergencia Pistas | Termos Absolutos Generalizacoes
470,Múltipla Escolha Simples,morfossintaxe da lingua inglesa,Avaliar,B,3,0,0,3,1,4.1,True,REFINAR_SELECIONADO,REFINAR_SELECIONADO,[FE] explicitar o comando do enunciado | [FE] remover lacuna (__) do enunciado | [FE] tornar o texto-base necessário ou removê-lo,Termos Absolutos Generalizacoes
478,Asserção-Razão,arte contemporanea,Analisar,B,1,0,0,1,0,1.5,False,INVESTIGAR (diagnóstico insuficiente para guiar o refino),INVESTIGAR,[FE] tornar o texto-base necessário ou removê-lo,
483,Múltipla Escolha Simples,geometria espacial,Avaliar,A,2,0,1,3,0,4.0,True,REFINAR_SELECIONADO,REFINAR_SELECIONADO,[FE] explicitar o comando do enunciado | [FE] tornar o texto-base necessário ou removê-lo | [APL] reposicionar o gabarito (viés de letra no conjunto),
485,Afirmação Incompleta,morfossintaxe da lingua inglesa,Avaliar,A,1,0,1,2,0,2.5,True,"REFINAR (elegível, fora do top 100)",REFINAR,[FE] tornar o texto-base necessário ou removê-lo | [APL] reposicionar o gabarito (viés de letra no conjunto),
489,Afirmação Incompleta,educacao de jovens e adultos,Avaliar,A,3,0,1,4,0,5.5,True,REFINAR_SELECIONADO,REFINAR_SELECIONADO,[FE] eliminar pista: palavra do enunciado só no gabarito | [FE] tornar o texto-base necessário ou removê-lo | [FE] conectar as alternativas ao conteúdo do item | [APL] reposicionar o gabarito (viés de letra no conjunto),
493,Múltipla Escolha Simples,morfossintaxe da lingua inglesa,Avaliar,A,1,0,1,2,0,2.5,True,"REFINAR (elegível, fora do top 100)",REFINAR,[FE] explicitar o comando do enunciado | [APL] reposicionar o gabarito (viés de letra no conjunto),
500,Afirmação Incompleta,analise de investimentos e fontes de financiamento,Analisar,B,2,1,0,3,0,4.3,True,REFINAR_SELECIONADO,REFINAR_SELECIONADO,[FE] suavizar termos absolutos nos distratores | [FE] eliminar pista: palavra do enunciado só no gabarito | [AP] alinhar o verbo do enunciado ao Bloom declarado (detectado Avaliar vs declarado Analisar),
503,Múltipla Escolha Simples,semantica,Avaliar,C,3,0,0,3,0,4.5,True,REFINAR_SELECIONADO,REFINAR_SELECIONADO,[FE] suavizar termos absolutos nos distratores | [FE] explicitar o comando do enunciado | [FE] tornar o texto-base necessário ou removê-lo,
505,Afirmação Incompleta,calculo diferencial e integral iii,Avaliar,A,1,0,1,2,0,2.5,True,"REFINAR (elegível, fora do top 100)",REFINAR,[FE] tornar o texto-base necessário ou removê-lo | [APL] reposicionar o gabarito (viés de letra no conjunto),
507,Afirmação Incompleta,educacao de jovens e adultos,Avaliar,A,0,0,1,1,0,1.0,False,INVESTIGAR (diagnóstico insuficiente para guiar o refino),INVESTIGAR,[APL] reposicionar o gabarito (viés de letra no conjunto),
508,Afirmação Incompleta,ensino e aprendizagem da lingua portuguesa,Analisar,A,1,0,1,2,0,2.5,True,"REFINAR (elegível, fora do top 100)",REFINAR,[FE] tornar o texto-base necessário ou removê-lo | [APL] reposicionar o gabarito (viés de letra no conjunto),
510,Múltipla Escolha Complexa,analise de investimentos e fontes de financiamento,Avaliar,A,1,0,1,2,1,2.1,True,"REFINAR (elegível, fora do top 100)",REFINAR,[FE] tornar o texto-base necessário ou removê-lo | [APL] reposicionar o gabarito (viés de letra no conjunto),Termos Absolutos Generalizacoes
512,Afirmação Incompleta,arte contemporanea,Avaliar,A,2,0,1,3,1,3.6,True,REFINAR_SELECIONADO,REFINAR_SELECIONADO,[FE] tornar o texto-base necessário ou removê-lo | [FE] conectar as alternativas ao conteúdo do item | [APL] reposicionar o gabarito (viés de letra no conjunto),Paralelismo
516,Múltipla Escolha Simples,calculo diferencial e integral iii,Criar,B,1,0,0,1,0,1.5,False,INVESTIGAR (diagnóstico insuficiente para guiar o refino),INVESTIGAR,[FE] explicitar o comando do enunciado,
519,Afirmação Incompleta,geografia economica,Avaliar,A,2,1,1,4,1,4.8999999999999995,True,REFINAR_SELECIONADO,REFINAR_SELECIONADO,[FE] suavizar termos absolutos nos distratores | [FE] tornar o texto-base necessário ou removê-lo | [AP] alinhar o verbo do enunciado ao Bloom declarado (detectado Analisar vs declarado Avaliar) | [APL] reposicionar o gabarito (viés de letra no conjunto),Termos Absolutos Generalizacoes
522,Afirmação Incompleta,arte contemporanea,Analisar,A,1,0,1,2,0,2.5,True,"REFINAR (elegível, fora do top 100)",REFINAR,[FE] eliminar pista: palavra do enunciado só no gabarito | [APL] reposicionar o gabarito (viés de letra no conjunto),
523,Múltipla Escolha Simples,geometria espacial,Avaliar,E,1,0,0,1,0,1.5,False,INVESTIGAR (diagnóstico insuficiente para guiar o refino),INVESTIGAR,[FE] explicitar o comando do enunciado,
526,Afirmação Incompleta,morfossintaxe da lingua inglesa,Avaliar,A,2,0,1,3,1,3.6,True,REFINAR_SELECIONADO,REFINAR_SELECIONADO,[FE] suavizar termos absolutos nos distratores | [FE] tornar o texto-base necessário ou removê-lo | [APL] reposicionar o gabarito (viés de letra no conjunto),Termos Absolutos Generalizacoes
528,Afirmação Incompleta,geografia economica,Avaliar,A,2,0,1,3,4,2.4,True,"REFINAR (elegível, fora do top 100)",REFINAR,[FE] encurtar o gabarito (mais longo que os distratores) | [FE] tornar o texto-base necessário ou removê-lo | [APL] reposicionar o gabarito (viés de letra no conjunto),Paralelismo | Coerencia Conteudo | Convergencia Pistas | Termos Absolutos Generalizacoes
529,Afirmação Incompleta,educacao de jovens e adultos,Avaliar,C,1,0,0,1,0,1.5,False,INVESTIGAR (diagnóstico insuficiente para guiar o refino),INVESTIGAR,[FE] conectar as alternativas ao conteúdo do item,
532,Múltipla Escolha Simples,analise de investimentos e fontes de financiamento,Aplicar,A,0,1,1,2,0,2.3,True,"REFINAR (elegível, fora do top 100)",REFINAR,[AP] alinhar o verbo do enunciado ao Bloom declarado (detectado Lembrar vs declarado Aplicar) | [APL] reposicionar o gabarito (viés de letra no conjunto),
536,Afirmação Incompleta,arte contemporanea,Avaliar,A,2,0,1,3,0,4.0,True,REFINAR_SELECIONADO,REFINAR_SELECIONADO,[FE] remover lacuna (__) do enunciado | [FE] tornar o texto-base necessário ou removê-lo | [APL] reposicionar o gabarito (viés de letra no conjunto),
537,Múltipla Escolha Complexa,ensino e aprendizagem da lingua portuguesa,Avaliar,A,0,0,1,1,0,1.0,False,INVESTIGAR (diagnóstico insuficiente para guiar o refino),INVESTIGAR,[APL] reposicionar o gabarito (viés de letra no conjunto),
540,Afirmação Incompleta,educacao de jovens e adultos,Avaliar,C,3,0,0,3,2,3.7,True,REFINAR_SELECIONADO,REFINAR_SELECIONADO,[FE] encurtar o gabarito (mais longo que os distratores) | [FE] eliminar pista: palavra do enunciado só no gabarito | [FE] tornar o texto-base necessário ou removê-lo,Opiniao Subjetividade | Termos Absolutos Generalizacoes
541,Múltipla Escolha Complexa,arte contemporanea,Avaliar,A,0,0,1,1,0,1.0,False,INVESTIGAR (diagnóstico insuficiente para guiar o refino),INVESTIGAR,[APL] reposicionar o gabarito (viés de letra no conjunto),
543,Múltipla Escolha Simples,"avaliacao, controle e regulacao no sus",Avaliar,A,0,1,1,2,0,2.3,True,"REFINAR (elegível, fora do top 100)",REFINAR,[AP] alinhar o verbo do enunciado ao Bloom declarado (detectado Lembrar vs declarado Avaliar) | [APL] reposicionar o gabarito (viés de letra no conjunto),
549,Múltipla Escolha Simples,arte contemporanea,Analisar,A,0,1,1,2,0,2.3,True,"REFINAR (elegível, fora do top 100)",REFINAR,[AP] alinhar o verbo do enunciado ao Bloom declarado (detectado Lembrar vs declarado Analisar) | [APL] reposicionar o gabarito (viés de letra no conjunto),
556,Afirmação Incompleta,responsabilidade social e ambiental,Avaliar,A,1,0,1,2,0,2.5,True,"REFINAR (elegível, fora do top 100)",REFINAR,[FE] encurtar o gabarito (mais longo que os distratores) | [APL] reposicionar o gabarito (viés de letra no conjunto),
559,Afirmação Incompleta,educacao de jovens e adultos,Avaliar,A,1,0,1,2,1,2.1,True,"REFINAR (elegível, fora do top 100)",REFINAR,[FE] tornar o texto-base necessário ou removê-lo | [APL] reposicionar o gabarito (viés de letra no conjunto),Termos Absolutos Generalizacoes
567,Múltipla Escolha Simples,calculo diferencial e integral iii,Avaliar,A,2,0,1,3,0,4.0,True,REFINAR_SELECIONADO,REFINAR_SELECIONADO,[FE] explicitar o comando do enunciado | [FE] tornar o texto-base necessário ou removê-lo | [APL] reposicionar o gabarito (viés de letra no conjunto),
568,Afirmação Incompleta,semantica,Avaliar,B,2,0,0,2,1,2.6,True,REFINAR_SELECIONADO,REFINAR_SELECIONADO,[FE] suavizar termos absolutos nos distratores | [FE] tornar o texto-base necessário ou removê-lo,Termos Absolutos Generalizacoes
572,Afirmação Incompleta,arte contemporanea,Analisar,A,0,0,1,1,0,1.0,False,INVESTIGAR (diagnóstico insuficiente para guiar o refino),INVESTIGAR,[APL] reposicionar o gabarito (viés de letra no conjunto),
576,Asserção-Razão,calculo diferencial e integral ii,Aplicar,B,1,0,0,1,0,1.5,False,INVESTIGAR (diagnóstico insuficiente para guiar o refino),INVESTIGAR,[FE] tornar o texto-base necessário ou removê-lo,
582,Asserção-Razão,arte contemporanea,Analisar,A,1,0,1,2,0,2.5,True,"REFINAR (elegível, fora do top 100)",REFINAR,[FE] tornar o texto-base necessário ou removê-lo | [APL] reposicionar o gabarito (viés de letra no conjunto),
585,Afirmação Incompleta,morfossintaxe da lingua inglesa,Avaliar,A,1,0,1,2,0,2.5,True,"REFINAR (elegível, fora do top 100)",REFINAR,[FE] tornar o texto-base necessário ou removê-lo | [APL] reposicionar o gabarito (viés de letra no conjunto),
588,Afirmação Incompleta,semantica,Avaliar,A,1,0,1,2,0,2.5,True,"REFINAR (elegível, fora do top 100)",REFINAR,[FE] tornar o texto-base necessário ou removê-lo | [APL] reposicionar o gabarito (viés de letra no conjunto),
589,Múltipla Escolha Simples,educacao de jovens e adultos,Avaliar,C,3,0,0,3,2,3.7,True,REFINAR_SELECIONADO,REFINAR_SELECIONADO,[FE] eliminar pista: palavra do enunciado só no gabarito | [FE] explicitar o comando do enunciado | [FE] tornar o texto-base necessário ou removê-lo,Opiniao Subjetividade | Termos Absolutos Generalizacoes
591,Afirmação Incompleta,educacao de jovens e adultos,Avaliar,A,2,0,1,3,2,3.2,True,REFINAR_SELECIONADO,REFINAR_SELECIONADO,[FE] suavizar termos absolutos nos distratores | [FE] tornar o texto-base necessário ou removê-lo | [APL] reposicionar o gabarito (viés de letra no conjunto),Opiniao Subjetividade | Termos Absolutos Generalizacoes
601,Afirmação Incompleta,arte contemporanea,Avaliar,A,2,0,1,3,0,4.0,True,REFINAR_SELECIONADO,REFINAR_SELECIONADO,[FE] remover lacuna (__) do enunciado | [FE] tornar o texto-base necessário ou removê-lo | [APL] reposicionar o gabarito (viés de letra no conjunto),
602,Múltipla Escolha Simples,geometria espacial,Avaliar,D,1,0,0,1,1,1.1,False,INVESTIGAR (diagnóstico insuficiente para guiar o refino),INVESTIGAR,[FE] explicitar o comando do enunciado,Termos Absolutos Generalizacoes
604,Afirmação Incompleta,quimica organica,Analisar,A,1,0,1,2,1,2.1,True,"REFINAR (elegível, fora do top 100)",REFINAR,[FE] diferenciar gabarito do distrator equivalente | [APL] reposicionar o gabarito (viés de letra no conjunto),Convergencia Pistas
615,Múltipla Escolha Simples,geografia economica,Avaliar,C,4,0,0,4,2,5.2,True,REFINAR_SELECIONADO,REFINAR_SELECIONADO,[FE] encurtar o gabarito (mais longo que os distratores) | [FE] suavizar termos absolutos nos distratores | [FE] eliminar pista: palavra do enunciado só no gabarito | [FE] explicitar o comando do enunciado,Opiniao Subjetividade | Termos Absolutos Generalizacoes
620,Afirmação Incompleta,calculo diferencial e integral iii,Avaliar,A,2,0,1,3,1,3.6,True,REFINAR_SELECIONADO,REFINAR_SELECIONADO,[FE] eliminar pista: palavra do enunciado só no gabarito | [FE] tornar o texto-base necessário ou removê-lo | [APL] reposicionar o gabarito (viés de letra no conjunto),Termos Absolutos Generalizacoes
623,Afirmação Incompleta,geografia economica,Avaliar,A,3,0,1,4,4,3.9,True,REFINAR_SELECIONADO,REFINAR_SELECIONADO,[FE] eliminar pista: palavra do enunciado só no gabarito | [FE] tornar o texto-base necessário ou removê-lo | [FE] conectar as alternativas ao conteúdo do item | [APL] reposicionar o gabarito (viés de letra no conjunto),Paralelismo | Coerencia Conteudo | Convergencia Pistas | Termos Absolutos Generalizacoes
628,Asserção-Razão,educacao de jovens e adultos,Avaliar,A,1,0,1,2,0,2.5,True,"REFINAR (elegível, fora do top 100)",REFINAR,[FE] tornar o texto-base necessário ou removê-lo | [APL] reposicionar o gabarito (viés de letra no conjunto),
643,Asserção-Razão,calculo diferencial e integral iii,Aplicar,A,1,0,1,2,0,2.5,True,"REFINAR (elegível, fora do top 100)",REFINAR,[FE] tornar o texto-base necessário ou removê-lo | [APL] reposicionar o gabarito (viés de letra no conjunto),
645,Múltipla Escolha Simples,fisioterapia dermatofuncional,Avaliar,A,2,1,1,4,0,5.3,True,REFINAR_SELECIONADO,REFINAR_SELECIONADO,[FE] eliminar pista: palavra do enunciado só no gabarito | [FE] tornar o texto-base necessário ou removê-lo | [AP] alinhar o verbo do enunciado ao Bloom declarado (detectado Lembrar vs declarado Avaliar) | [APL] reposicionar o gabarito (viés de letra no conjunto),
649,Afirmação Incompleta,semantica,Avaliar,A,1,0,1,2,2,1.7,True,"REFINAR (elegível, fora do top 100)",REFINAR,[FE] suavizar termos absolutos nos distratores | [APL] reposicionar o gabarito (viés de letra no conjunto),Opiniao Subjetividade | Termos Absolutos Generalizacoes
650,Afirmação Incompleta,arte contemporanea,Aplicar,A,1,0,1,2,0,2.5,True,"REFINAR (elegível, fora do top 100)",REFINAR,[FE] encurtar o gabarito (mais longo que os distratores) | [APL] reposicionar o gabarito (viés de letra no conjunto),
651,Múltipla Escolha Simples,arte contemporanea,Analisar,A,2,1,1,4,0,5.3,True,REFINAR_SELECIONADO,REFINAR_SELECIONADO,[FE] eliminar pista: palavra do enunciado só no gabarito | [FE] tornar o texto-base necessário ou removê-lo | [AP] alinhar o verbo do enunciado ao Bloom declarado (detectado Lembrar vs declarado Analisar) | [APL] reposicionar o gabarito (viés de letra no conjunto),
653,Múltipla Escolha Simples,calculo diferencial e integral iii,Criar,A,1,0,1,2,0,2.5,True,"REFINAR (elegível, fora do top 100)",REFINAR,[FE] explicitar o comando do enunciado | [APL] reposicionar o gabarito (viés de letra no conjunto),
657,Afirmação Incompleta,calculo diferencial e integral iii,Avaliar,A,1,0,1,2,1,2.1,True,"REFINAR (elegível, fora do top 100)",REFINAR,[FE] tornar o texto-base necessário ou removê-lo | [APL] reposicionar o gabarito (viés de letra no conjunto),Termos Absolutos Generalizacoes
663,Múltipla Escolha Complexa,metodologias do ensino de linguas estrangeiras,Avaliar,A,0,0,1,1,1,0.6,False,INVESTIGAR (diagnóstico insuficiente para guiar o refino),INVESTIGAR,[APL] reposicionar o gabarito (viés de letra no conjunto),Termos Absolutos Generalizacoes
666,Afirmação Incompleta,geometria espacial,Avaliar,A,1,0,1,2,0,2.5,True,"REFINAR (elegível, fora do top 100)",REFINAR,[FE] tornar o texto-base necessário ou removê-lo | [APL] reposicionar o gabarito (viés de letra no conjunto),
669,Múltipla Escolha Simples,arte contemporanea,Avaliar,A,1,1,1,3,0,3.8,True,REFINAR_SELECIONADO,REFINAR_SELECIONADO,[FE] eliminar pista: palavra do enunciado só no gabarito | [AP] alinhar o verbo do enunciado ao Bloom declarado (detectado Lembrar vs declarado Avaliar) | [APL] reposicionar o gabarito (viés de letra no conjunto),
670,Afirmação Incompleta,ensino e aprendizagem da lingua portuguesa,Avaliar,A,2,0,1,3,0,4.0,True,REFINAR_SELECIONADO,REFINAR_SELECIONADO,[FE] eliminar pista: palavra do enunciado só no gabarito | [FE] tornar o texto-base necessário ou removê-lo | [APL] reposicionar o gabarito (viés de letra no conjunto),
680,Afirmação Incompleta,arte contemporanea,Analisar,A,0,0,1,1,0,1.0,False,INVESTIGAR (diagnóstico insuficiente para guiar o refino),INVESTIGAR,[APL] reposicionar o gabarito (viés de letra no conjunto),
682,Afirmação Incompleta,arte contemporanea,Avaliar,A,0,0,1,1,0,1.0,False,INVESTIGAR (diagnóstico insuficiente para guiar o refino),INVESTIGAR,[APL] reposicionar o gabarito (viés de letra no conjunto),
690,Múltipla Escolha Simples,geografia economica,Avaliar,A,2,1,1,4,2,4.5,True,REFINAR_SELECIONADO,REFINAR_SELECIONADO,[FE] encurtar o gabarito (mais longo que os distratores) | [FE] suavizar termos absolutos nos distratores | [AP] alinhar o verbo do enunciado ao Bloom declarado (detectado Analisar vs declarado Avaliar) | [APL] reposicionar o gabarito (viés de letra no conjunto),Opiniao Subjetividade | Termos Absolutos Generalizacoes
695,Afirmação Incompleta,arte contemporanea,Analisar,A,0,0,1,1,0,1.0,False,INVESTIGAR (diagnóstico insuficiente para guiar o refino),INVESTIGAR,[APL] reposicionar o gabarito (viés de letra no conjunto),
700,Múltipla Escolha Simples,arte contemporanea,Avaliar,C,2,0,0,2,1,2.6,True,REFINAR_SELECIONADO,REFINAR_SELECIONADO,[FE] encurtar o gabarito (mais longo que os distratores) | [FE] explicitar o comando do enunciado,Opiniao Subjetividade
702,Afirmação Incompleta,semantica,Compreender,A,1,0,1,2,0,2.5,True,"REFINAR (elegível, fora do top 100)",REFINAR,[FE] eliminar pista: palavra do enunciado só no gabarito | [APL] reposicionar o gabarito (viés de letra no conjunto),
704,Múltipla Escolha Simples,calculo diferencial e integral iii,Avaliar,A,2,0,1,3,0,4.0,True,REFINAR_SELECIONADO,REFINAR_SELECIONADO,[FE] explicitar o comando do enunciado | [FE] tornar o texto-base necessário ou removê-lo | [APL] reposicionar o gabarito (viés de letra no conjunto),
707,Múltipla Escolha Complexa,calculo diferencial e integral ii,Avaliar,A,2,1,1,4,4,3.6999999999999997,True,REFINAR_SELECIONADO,REFINAR_SELECIONADO,[FE] eliminar alternativas equivalentes | [FE] tornar o texto-base necessário ou removê-lo | [AP] ajustar o formato ao tipo declarado (combinação I-IV duplicada (C e D)) | [APL] reposicionar o gabarito (viés de letra no conjunto),Paralelismo | Corretude Unicidade Gabarito | Convergencia Pistas | Termos Absolutos Generalizacoes
712,Afirmação Incompleta,educacao de jovens e adultos,Avaliar,A,0,0,1,1,2,0.19999999999999996,False,INVESTIGAR (diagnóstico insuficiente para guiar o refino),INVESTIGAR,[APL] reposicionar o gabarito (viés de letra no conjunto),Opiniao Subjetividade | Termos Absolutos Generalizacoes
713,Afirmação Incompleta,arte contemporanea,Aplicar,A,0,0,1,1,0,1.0,False,INVESTIGAR (diagnóstico insuficiente para guiar o refino),INVESTIGAR,[APL] reposicionar o gabarito (viés de letra no conjunto),
714,Asserção-Razão,calculo diferencial e integral iii,Avaliar,D,1,0,0,1,1,1.1,False,INVESTIGAR (diagnóstico insuficiente para guiar o refino),INVESTIGAR,[FE] tornar o texto-base necessário ou removê-lo,Termos Absolutos Generalizacoes
717,Múltipla Escolha Complexa,estruturas algebricas,Analisar,A,1,1,1,3,5,1.7999999999999998,True,"REFINAR (elegível, fora do top 100)",REFINAR,[FE] eliminar duplicata do gabarito | [AP] ajustar o formato ao tipo declarado (combinação I-IV duplicada (A e C)) | [APL] reposicionar o gabarito (viés de letra no conjunto),Paralelismo | Corretude Unicidade Gabarito | Convergencia Pistas | Clareza Linguistica | Termos Absolutos Generalizacoes
721,Afirmação Incompleta,arte contemporanea,Avaliar,A,0,0,1,1,1,0.6,False,INVESTIGAR (diagnóstico insuficiente para guiar o refino),INVESTIGAR,[APL] reposicionar o gabarito (viés de letra no conjunto),Convergencia Pistas
725,Múltipla Escolha Complexa,arte contemporanea,Avaliar,A,0,0,1,1,0,1.0,False,INVESTIGAR (diagnóstico insuficiente para guiar o refino),INVESTIGAR,[APL] reposicionar o gabarito (viés de letra no conjunto),
726,Múltipla Escolha Complexa,ensino e aprendizagem das ciencias naturais,Avaliar,A,0,0,1,1,2,0.19999999999999996,False,INVESTIGAR (diagnóstico insuficiente para guiar o refino),INVESTIGAR,[APL] reposicionar o gabarito (viés de letra no conjunto),Opiniao Subjetividade | Termos Absolutos Generalizacoes
729,Afirmação Incompleta,semantica,Avaliar,B,2,0,0,2,1,2.6,True,REFINAR_SELECIONADO,REFINAR_SELECIONADO,[FE] tornar o texto-base necessário ou removê-lo | [FE] conectar as alternativas ao conteúdo do item,Termos Absolutos Generalizacoes
733,Múltipla Escolha Complexa,arte contemporanea,Avaliar,A,0,0,1,1,0,1.0,False,INVESTIGAR (diagnóstico insuficiente para guiar o refino),INVESTIGAR,[APL] reposicionar o gabarito (viés de letra no conjunto),
739,Asserção-Razão,educacao de jovens e adultos,Avaliar,A,1,0,1,2,0,2.5,True,"REFINAR (elegível, fora do top 100)",REFINAR,[FE] tornar o texto-base necessário ou removê-lo | [APL] reposicionar o gabarito (viés de letra no conjunto),
743,Múltipla Escolha Simples,semantica,Avaliar,B,3,0,0,3,0,4.5,True,REFINAR_SELECIONADO,REFINAR_SELECIONADO,[FE] suavizar termos absolutos nos distratores | [FE] explicitar o comando do enunciado | [FE] tornar o texto-base necessário ou removê-lo,
745,Afirmação Incompleta,fisioterapia dermatofuncional,Avaliar,A,1,0,1,2,0,2.5,True,"REFINAR (elegível, fora do top 100)",REFINAR,[FE] encurtar o gabarito (mais longo que os distratores) | [APL] reposicionar o gabarito (viés de letra no conjunto),
750,Múltipla Escolha Simples,geometria espacial,Avaliar,A,1,0,1,2,0,2.5,True,"REFINAR (elegível, fora do top 100)",REFINAR,[FE] explicitar o comando do enunciado | [APL] reposicionar o gabarito (viés de letra no conjunto),
753,Múltipla Escolha Complexa,ensino e aprendizagem da lingua portuguesa,Analisar,A,1,1,1,3,3,2.5999999999999996,True,REFINAR_SELECIONADO,REFINAR_SELECIONADO,[FE] eliminar duplicata do gabarito | [AP] ajustar o formato ao tipo declarado (combinação I-IV duplicada (A e C)) | [APL] reposicionar o gabarito (viés de letra no conjunto),Paralelismo | Convergencia Pistas | Termos Absolutos Generalizacoes
763,Múltipla Escolha Simples,quimica organica,Analisar,A,0,1,1,2,1,1.9,True,"REFINAR (elegível, fora do top 100)",REFINAR,[AP] alinhar o verbo do enunciado ao Bloom declarado (detectado Lembrar vs declarado Analisar) | [APL] reposicionar o gabarito (viés de letra no conjunto),Termos Absolutos Generalizacoes
766,Múltipla Escolha Simples,arte contemporanea,Avaliar,A,0,1,1,2,0,2.3,True,"REFINAR (elegível, fora do top 100)",REFINAR,[AP] alinhar o verbo do enunciado ao Bloom declarado (detectado Lembrar vs declarado Avaliar) | [APL] reposicionar o gabarito (viés de letra no conjunto),
767,Múltipla Escolha Simples,semantica,Avaliar,C,4,0,0,4,0,6.0,True,REFINAR_SELECIONADO,REFINAR_SELECIONADO,[FE] encurtar o gabarito (mais longo que os distratores) | [FE] suavizar termos absolutos nos distratores | [FE] explicitar o comando do enunciado | [FE] tornar o texto-base necessário ou removê-lo,
768,Afirmação Incompleta,geometria espacial,Compreender,A,1,0,1,2,0,2.5,True,"REFINAR (elegível, fora do top 100)",REFINAR,[FE] conectar o texto-base ao enunciado | [APL] reposicionar o gabarito (viés de letra no conjunto),
770,Múltipla Escolha Complexa,arte contemporanea,Avaliar,A,0,0,1,1,0,1.0,False,INVESTIGAR (diagnóstico insuficiente para guiar o refino),INVESTIGAR,[APL] reposicionar o gabarito (viés de letra no conjunto),
772,Múltipla Escolha Complexa,metodologias do ensino de linguas estrangeiras,Avaliar,B,0,0,0,0,0,0.0,False,"INVESTIGAR (rejeitado, mas sem problema objetivo detectado)",INVESTIGAR,,
777,Afirmação Incompleta,morfossintaxe da lingua inglesa,Avaliar,B,3,0,0,3,1,4.1,True,REFINAR_SELECIONADO,REFINAR_SELECIONADO,[FE] suavizar termos absolutos nos distratores | [FE] tornar o texto-base necessário ou removê-lo | [FE] conectar as alternativas ao conteúdo do item,Termos Absolutos Generalizacoes
779,Afirmação Incompleta,geografia economica,Avaliar,A,1,0,1,2,0,2.5,True,"REFINAR (elegível, fora do top 100)",REFINAR,[FE] tornar o texto-base necessário ou removê-lo | [APL] reposicionar o gabarito (viés de letra no conjunto),
782,Múltipla Escolha Complexa,ensino e aprendizagem das ciencias naturais,Avaliar,A,1,1,1,3,4,2.1999999999999997,True,"REFINAR (elegível, fora do top 100)",REFINAR,[FE] eliminar duplicata do gabarito | [AP] ajustar o formato ao tipo declarado (combinação I-IV duplicada (A e C)) | [APL] reposicionar o gabarito (viés de letra no conjunto),Paralelismo | Corretude Unicidade Gabarito | Convergencia Pistas | Termos Absolutos Generalizacoes
787,Múltipla Escolha Simples,analise de investimentos e fontes de financiamento,Aplicar,A,2,1,1,4,0,5.3,True,REFINAR_SELECIONADO,REFINAR_SELECIONADO,[FE] suavizar termos absolutos nos distratores | [FE] eliminar pista: palavra do enunciado só no gabarito | [AP] alinhar o verbo do enunciado ao Bloom declarado (detectado Lembrar vs declarado Aplicar) | [APL] reposicionar o gabarito (viés de letra no conjunto),
792,Afirmação Incompleta,semantica,Avaliar,A,4,0,1,5,1,6.6,True,REFINAR_SELECIONADO,REFINAR_SELECIONADO,[FE] suavizar termos absolutos nos distratores | [FE] remover lacuna (__) do enunciado | [FE] conectar o texto-base ao enunciado | [FE] conectar as alternativas ao conteúdo do item | [APL] reposicionar o gabarito (viés de letra no conjunto),Termos Absolutos Generalizacoes
794,Afirmação Incompleta,educacao de jovens e adultos,Avaliar,A,2,0,1,3,0,4.0,True,REFINAR_SELECIONADO,REFINAR_SELECIONADO,[FE] encurtar o gabarito (mais longo que os distratores) | [FE] conectar o texto-base ao enunciado | [APL] reposicionar o gabarito (viés de letra no conjunto),
801,Afirmação Incompleta,calculo diferencial e integral iii,Avaliar,A,2,0,1,3,0,4.0,True,REFINAR_SELECIONADO,REFINAR_SELECIONADO,[FE] eliminar pista: palavra do enunciado só no gabarito | [FE] tornar o texto-base necessário ou removê-lo | [APL] reposicionar o gabarito (viés de letra no conjunto),
808,Múltipla Escolha Simples,calculo diferencial e integral iii,Criar,A,2,0,1,3,0,4.0,True,REFINAR_SELECIONADO,REFINAR_SELECIONADO,[FE] explicitar o comando do enunciado | [FE] tornar o texto-base necessário ou removê-lo | [APL] reposicionar o gabarito (viés de letra no conjunto),
812,Afirmação Incompleta,morfossintaxe da lingua inglesa,Avaliar,A,1,0,1,2,2,1.7,True,"REFINAR (elegível, fora do top 100)",REFINAR,[FE] tornar o texto-base necessário ou removê-lo | [APL] reposicionar o gabarito (viés de letra no conjunto),Opiniao Subjetividade | Termos Absolutos Generalizacoes
818,Afirmação Incompleta,geografia economica,Avaliar,A,2,0,1,3,1,3.6,True,REFINAR_SELECIONADO,REFINAR_SELECIONADO,[FE] suavizar termos absolutos nos distratores | [FE] tornar o texto-base necessário ou removê-lo | [APL] reposicionar o gabarito (viés de letra no conjunto),Termos Absolutos Generalizacoes
819,Afirmação Incompleta,educacao de jovens e adultos,Analisar,A,0,0,1,1,0,1.0,False,INVESTIGAR (diagnóstico insuficiente para guiar o refino),INVESTIGAR,[APL] reposicionar o gabarito (viés de letra no conjunto),
826,Afirmação Incompleta,geografia economica,Avaliar,A,1,0,1,2,0,2.5,True,"REFINAR (elegível, fora do top 100)",REFINAR,[FE] tornar o texto-base necessário ou removê-lo | [APL] reposicionar o gabarito (viés de letra no conjunto),
827,Múltipla Escolha Simples,geometria espacial,Avaliar,A,2,0,1,3,1,3.6,True,REFINAR_SELECIONADO,REFINAR_SELECIONADO,[FE] suavizar termos absolutos nos distratores | [FE] explicitar o comando do enunciado | [APL] reposicionar o gabarito (viés de letra no conjunto),Termos Absolutos Generalizacoes
829,Múltipla Escolha Complexa,responsabilidade social e ambiental,Avaliar,A,0,0,1,1,0,1.0,False,INVESTIGAR (diagnóstico insuficiente para guiar o refino),INVESTIGAR,[APL] reposicionar o gabarito (viés de letra no conjunto),
830,Afirmação Incompleta,semantica,Avaliar,A,1,0,1,2,0,2.5,True,"REFINAR (elegível, fora do top 100)",REFINAR,[FE] tornar o texto-base necessário ou removê-lo | [APL] reposicionar o gabarito (viés de letra no conjunto),
839,Afirmação Incompleta,geografia economica,Avaliar,A,0,1,1,2,0,2.3,True,"REFINAR (elegível, fora do top 100)",REFINAR,[AP] alinhar o verbo do enunciado ao Bloom declarado (detectado Analisar vs declarado Avaliar) | [APL] reposicionar o gabarito (viés de letra no conjunto),
840,Afirmação Incompleta,geometria espacial,Avaliar,A,2,0,1,3,0,4.0,True,REFINAR_SELECIONADO,REFINAR_SELECIONADO,[FE] homogeneizar a extensão das alternativas (paralelismo) | [FE] tornar o texto-base necessário ou removê-lo | [APL] reposicionar o gabarito (viés de letra no conjunto),
842,Afirmação Incompleta,fisioterapia dermatofuncional,Avaliar,A,1,0,1,2,0,2.5,True,"REFINAR (elegível, fora do top 100)",REFINAR,[FE] encurtar o gabarito (mais longo que os distratores) | [APL] reposicionar o gabarito (viés de letra no conjunto),
844,Múltipla Escolha Simples,calculo diferencial e integral iii,Criar,A,2,0,1,3,0,4.0,True,REFINAR_SELECIONADO,REFINAR_SELECIONADO,[FE] explicitar o comando do enunciado | [FE] tornar o texto-base necessário ou removê-lo | [APL] reposicionar o gabarito (viés de letra no conjunto),
